,date,open,high,low,close,volume,avg,crossover,trade_value
0,2024-10-21 09:15:00+05:30,52361.1,52420.3,52272.55,52402.4,0,52346,1,56
1,2024-10-21 09:16:00+05:30,52401.3,52481.45,52388.5,52462.45,0,52434,1,28
2,2024-10-21 09:17:00+05:30,52469.9,52532.3,52454.75,52512.4,0,52493,1,19
3,2024-10-21 09:18:00+05:30,52516.95,52538.75,52502.8,52513.95,0,52520,0,-6
4,2024-10-21 09:19:00+05:30,52512.45,52522.0,52483.5,52495.95,0,52502,0,-6
5,2024-10-21 09:20:00+05:30,52495.75,52564.95,52456.1,52555.05,0,52510,1,45
6,2024-10-21 09:21:00+05:30,52551.35,52565.75,52518.5,52534.8,0,52542,0,-7
7,2024-10-21 09:22:00+05:30,52537.55,52549.7,52504.3,52534.7,0,52527,1,7
8,2024-10-21 09:23:00+05:30,52536.55,52569.75,52518.7,52562.55,0,52544,1,18
9,2024-10-21 09:24:00+05:30,52565.15,52577.5,52538.6,52540.3,0,52558,0,-17
10,2024-10-21 09:25:00+05:30,52541.05,52564.1,52527.4,52527.4,0,52545,0,-17
11,2024-10-21 09:26:00+05:30,52520.95,52537.4,52497.7,52497.7,0,52517,0,-19
12,2024-10-21 09:27:00+05:30,52501.2,52501.2,52427.35,52439.15,0,52464,0,-24
13,2024-10-21 09:28:00+05:30,52446.75,52455.8,52400.0,52447.45,0,52427,1,20
14,2024-10-21 09:29:00+05:30,52446.8,52455.1,52392.4,52398.4,0,52423,0,-24
15,2024-10-21 09:30:00+05:30,52391.95,52393.95,52329.05,52339.2,0,52361,0,-21
16,2024-10-21 09:31:00+05:30,52338.95,52338.95,52271.7,52317.05,0,52305,1,12
17,2024-10-21 09:32:00+05:30,52317.7,52326.95,52239.35,52250.75,0,52283,0,-32
18,2024-10-21 09:33:00+05:30,52259.85,52264.3,52199.3,52203.25,0,52231,0,-27
19,2024-10-21 09:34:00+05:30,52199.4,52253.15,52195.65,52220.7,0,52224,0,-3
20,2024-10-21 09:35:00+05:30,52223.75,52231.55,52134.6,52163.8,0,52183,0,-19
21,2024-10-21 09:36:00+05:30,52165.9,52184.5,52130.15,52155.75,0,52157,0,-1
22,2024-10-21 09:37:00+05:30,52172.55,52204.6,52158.9,52182.35,0,52181,1,1
23,2024-10-21 09:38:00+05:30,52179.75,52194.2,52109.7,52112.45,0,52151,0,-38
24,2024-10-21 09:39:00+05:30,52122.25,52142.2,52098.35,52107.55,0,52120,0,-12
25,2024-10-21 09:40:00+05:30,52109.35,52125.0,52085.65,52111.45,0,52105,1,6
26,2024-10-21 09:41:00+05:30,52111.3,52157.4,52096.85,52108.25,0,52127,0,-18
27,2024-10-21 09:42:00+05:30,52103.1,52103.1,52055.85,52060.7,0,52079,0,-18
28,2024-10-21 09:43:00+05:30,52051.1,52074.5,52011.85,52073.4,0,52043,1,30
29,2024-10-21 09:44:00+05:30,52072.6,52106.45,52070.95,52098.35,0,52088,1,10
30,2024-10-21 09:45:00+05:30,52097.3,52102.55,52042.85,52049.4,0,52072,0,-22
31,2024-10-21 09:46:00+05:30,52049.1,52079.3,51999.2,52069.55,0,52039,1,30
32,2024-10-21 09:47:00+05:30,52071.8,52103.35,52057.2,52086.45,0,52080,1,6
33,2024-10-21 09:48:00+05:30,52080.05,52080.05,52038.5,52044.0,0,52059,0,-15
34,2024-10-21 09:49:00+05:30,52044.6,52048.7,51978.6,51989.85,0,52013,0,-23
35,2024-10-21 09:50:00+05:30,51985.55,52030.05,51947.1,52025.2,0,51988,1,37
36,2024-10-21 09:51:00+05:30,52028.05,52036.0,51977.15,51979.4,0,52006,0,-26
37,2024-10-21 09:52:00+05:30,51983.85,52013.8,51956.4,51987.75,0,51985,1,2
38,2024-10-21 09:53:00+05:30,51978.6,52059.6,51977.5,52045.8,0,52018,1,27
39,2024-10-21 09:54:00+05:30,52049.45,52098.25,52020.5,52088.75,0,52059,1,29
40,2024-10-21 09:55:00+05:30,52091.65,52115.35,52050.0,52050.0,0,52082,0,-32
41,2024-10-21 09:56:00+05:30,52050.75,52050.75,51997.85,52019.2,0,52024,0,-4
42,2024-10-21 09:57:00+05:30,52019.6,52101.85,52017.1,52093.85,0,52059,1,34
43,2024-10-21 09:58:00+05:30,52092.3,52145.2,52087.95,52140.45,0,52116,1,24
44,2024-10-21 09:59:00+05:30,52133.25,52174.25,52129.0,52133.65,0,52151,0,-17
45,2024-10-21 10:00:00+05:30,52135.9,52166.1,52110.1,52138.9,0,52138,1,0
46,2024-10-21 10:01:00+05:30,52138.9,52179.35,52137.75,52175.1,0,52158,1,17
47,2024-10-21 10:02:00+05:30,52174.7,52213.5,52170.3,52194.15,0,52191,1,3
48,2024-10-21 10:03:00+05:30,52197.15,52262.1,52191.15,52249.4,0,52226,1,23
49,2024-10-21 10:04:00+05:30,52242.9,52275.25,52235.4,52264.2,0,52255,1,9
50,2024-10-21 10:05:00+05:30,52269.05,52298.5,52246.4,52266.5,0,52272,0,-5
51,2024-10-21 10:06:00+05:30,52269.55,52296.75,52257.05,52272.55,0,52276,0,-3
52,2024-10-21 10:07:00+05:30,52271.45,52301.45,52251.95,52273.75,0,52276,0,-2
53,2024-10-21 10:08:00+05:30,52276.15,52319.15,52264.4,52302.3,0,52291,1,11
54,2024-10-21 10:09:00+05:30,52306.45,52312.1,52235.7,52235.7,0,52273,0,-37
55,2024-10-21 10:10:00+05:30,52235.7,52246.55,52158.8,52164.55,0,52202,0,-37
56,2024-10-21 10:11:00+05:30,52164.75,52166.1,52110.35,52125.85,0,52138,0,-12
57,2024-10-21 10:12:00+05:30,52112.9,52117.05,52073.65,52112.55,0,52095,1,17
58,2024-10-21 10:13:00+05:30,52114.8,52114.8,52072.45,52092.5,0,52093,0,0
59,2024-10-21 10:14:00+05:30,52102.0,52156.95,52098.15,52155.1,0,52127,1,28
60,2024-10-21 10:15:00+05:30,52157.1,52191.45,52141.85,52181.9,0,52166,1,15
61,2024-10-21 10:16:00+05:30,52189.1,52189.1,52131.5,52148.9,0,52160,0,-11
62,2024-10-21 10:17:00+05:30,52147.75,52147.75,52115.15,52136.05,0,52131,1,5
63,2024-10-21 10:18:00+05:30,52137.95,52139.9,52109.2,52114.0,0,52124,0,-10
64,2024-10-21 10:19:00+05:30,52114.0,52144.5,52103.0,52141.55,0,52123,1,18
65,2024-10-21 10:20:00+05:30,52144.4,52147.2,52109.45,52121.95,0,52128,0,-6
66,2024-10-21 10:21:00+05:30,52127.5,52206.4,52123.1,52202.4,0,52164,1,38
67,2024-10-21 10:22:00+05:30,52201.1,52213.2,52193.4,52200.0,0,52203,0,-3
68,2024-10-21 10:23:00+05:30,52199.8,52221.1,52171.5,52217.1,0,52196,1,21
69,2024-10-21 10:24:00+05:30,52219.85,52231.7,52190.95,52197.25,0,52211,0,-13
70,2024-10-21 10:25:00+05:30,52197.05,52197.05,52173.3,52188.95,0,52185,1,3
71,2024-10-21 10:26:00+05:30,52189.7,52197.0,52168.4,52169.25,0,52182,0,-12
72,2024-10-21 10:27:00+05:30,52170.0,52170.1,52103.2,52107.4,0,52136,0,-28
73,2024-10-21 10:28:00+05:30,52107.4,52127.05,52088.5,52126.95,0,52107,1,19
74,2024-10-21 10:29:00+05:30,52127.1,52127.25,52104.2,52114.55,0,52115,0,0
75,2024-10-21 10:30:00+05:30,52114.35,52139.25,52112.35,52136.2,0,52125,1,11
76,2024-10-21 10:31:00+05:30,52140.8,52153.5,52125.7,52129.1,0,52139,0,-9
77,2024-10-21 10:32:00+05:30,52130.55,52133.25,52106.55,52124.6,0,52119,1,5
78,2024-10-21 10:33:00+05:30,52123.9,52127.2,52092.45,52093.65,0,52109,0,-15
79,2024-10-21 10:34:00+05:30,52094.35,52101.6,52076.15,52088.5,0,52088,1,0
80,2024-10-21 10:35:00+05:30,52090.55,52112.1,52084.25,52097.9,0,52098,0,0
81,2024-10-21 10:36:00+05:30,52095.7,52103.6,52080.95,52084.65,0,52092,0,-7
82,2024-10-21 10:37:00+05:30,52082.55,52122.9,52082.55,52107.75,0,52102,1,5
83,2024-10-21 10:38:00+05:30,52105.85,52112.6,52091.85,52102.6,0,52102,1,0
84,2024-10-21 10:39:00+05:30,52105.55,52141.95,52100.7,52130.7,0,52121,1,9
85,2024-10-21 10:40:00+05:30,52130.9,52136.5,52099.15,52103.45,0,52117,0,-13
86,2024-10-21 10:41:00+05:30,52103.2,52125.75,52085.3,52125.35,0,52105,1,20
87,2024-10-21 10:42:00+05:30,52128.1,52140.7,52103.1,52107.45,0,52121,0,-13
88,2024-10-21 10:43:00+05:30,52109.8,52110.5,52080.95,52086.1,0,52095,0,-8
89,2024-10-21 10:44:00+05:30,52089.75,52129.25,52079.6,52106.85,0,52104,1,2
90,2024-10-21 10:45:00+05:30,52107.8,52113.9,52089.2,52093.15,0,52101,0,-7
91,2024-10-21 10:46:00+05:30,52090.0,52107.1,52088.95,52104.1,0,52098,1,6
92,2024-10-21 10:47:00+05:30,52105.9,52134.1,52101.65,52123.85,0,52117,1,6
93,2024-10-21 10:48:00+05:30,52125.25,52126.85,52085.65,52088.5,0,52106,0,-17
94,2024-10-21 10:49:00+05:30,52091.55,52091.55,52043.35,52051.7,0,52067,0,-15
95,2024-10-21 10:50:00+05:30,52049.1,52074.5,52042.3,52061.0,0,52058,1,3
96,2024-10-21 10:51:00+05:30,52054.35,52078.95,52051.8,52053.85,0,52065,0,-11
97,2024-10-21 10:52:00+05:30,52058.6,52068.65,52047.75,52059.55,0,52058,1,1
98,2024-10-21 10:53:00+05:30,52061.05,52078.3,52053.75,52059.35,0,52066,0,-6
99,2024-10-21 10:54:00+05:30,52061.15,52086.2,52060.4,52086.2,0,52073,1,13
100,2024-10-21 10:55:00+05:30,52086.45,52125.25,52073.55,52121.5,0,52099,1,22
101,2024-10-21 10:56:00+05:30,52118.65,52158.85,52112.6,52140.05,0,52135,1,5
102,2024-10-21 10:57:00+05:30,52139.95,52139.95,52116.8,52120.05,0,52128,0,-7
103,2024-10-21 10:58:00+05:30,52120.05,52129.55,52103.9,52113.3,0,52116,0,-2
104,2024-10-21 10:59:00+05:30,52117.3,52132.2,52105.05,52125.15,0,52118,1,7
105,2024-10-21 11:00:00+05:30,52122.95,52155.2,52115.4,52153.9,0,52135,1,18
106,2024-10-21 11:01:00+05:30,52152.2,52172.6,52144.7,52157.55,0,52158,0,0
107,2024-10-21 11:02:00+05:30,52158.05,52191.7,52158.05,52181.65,0,52174,1,7
108,2024-10-21 11:03:00+05:30,52184.0,52192.2,52169.0,52172.5,0,52180,0,-7
109,2024-10-21 11:04:00+05:30,52172.5,52184.45,52160.45,52174.15,0,52172,1,2
110,2024-10-21 11:05:00+05:30,52175.65,52181.0,52159.7,52163.6,0,52170,0,-6
111,2024-10-21 11:06:00+05:30,52162.8,52172.65,52151.1,52158.9,0,52161,0,-2
112,2024-10-21 11:07:00+05:30,52158.9,52158.9,52134.65,52142.45,0,52146,0,-3
113,2024-10-21 11:08:00+05:30,52146.8,52155.9,52138.85,52155.9,0,52147,1,8
114,2024-10-21 11:09:00+05:30,52156.3,52156.75,52113.35,52123.6,0,52135,0,-11
115,2024-10-21 11:10:00+05:30,52123.15,52124.85,52103.9,52119.1,0,52114,1,5
116,2024-10-21 11:11:00+05:30,52122.95,52122.95,52100.05,52107.3,0,52111,0,-3
117,2024-10-21 11:12:00+05:30,52108.5,52109.0,52090.95,52104.55,0,52099,1,5
118,2024-10-21 11:13:00+05:30,52104.55,52113.85,52098.6,52112.8,0,52106,1,6
119,2024-10-21 11:14:00+05:30,52113.05,52127.4,52102.8,52110.45,0,52115,0,-4
120,2024-10-21 11:15:00+05:30,52114.6,52135.1,52105.4,52124.1,0,52120,1,4
121,2024-10-21 11:16:00+05:30,52124.1,52129.4,52095.2,52102.25,0,52112,0,-9
122,2024-10-21 11:17:00+05:30,52101.35,52111.0,52084.95,52090.75,0,52097,0,-6
123,2024-10-21 11:18:00+05:30,52089.0,52101.7,52082.1,52099.1,0,52091,1,8
124,2024-10-21 11:19:00+05:30,52096.15,52103.5,52086.7,52099.05,0,52095,1,4
125,2024-10-21 11:20:00+05:30,52098.45,52099.15,52068.75,52094.75,0,52083,1,11
126,2024-10-21 11:21:00+05:30,52096.7,52108.65,52076.35,52087.6,0,52092,0,-4
127,2024-10-21 11:22:00+05:30,52087.6,52099.15,52072.05,52096.8,0,52085,1,11
128,2024-10-21 11:23:00+05:30,52092.1,52102.65,52079.95,52087.15,0,52091,0,-3
129,2024-10-21 11:24:00+05:30,52083.85,52103.0,52080.6,52083.3,0,52091,0,-7
130,2024-10-21 11:25:00+05:30,52083.3,52085.25,52062.6,52062.6,0,52073,0,-10
131,2024-10-21 11:26:00+05:30,52065.6,52075.15,52056.65,52069.65,0,52065,1,4
132,2024-10-21 11:27:00+05:30,52069.8,52082.5,52062.1,52067.25,0,52072,0,-4
133,2024-10-21 11:28:00+05:30,52064.75,52076.45,52062.4,52073.6,0,52069,1,4
134,2024-10-21 11:29:00+05:30,52076.4,52100.9,52064.55,52099.2,0,52082,1,17
135,2024-10-21 11:30:00+05:30,52094.0,52099.2,52048.7,52054.9,0,52073,0,-18
136,2024-10-21 11:31:00+05:30,52052.55,52059.1,51999.75,52007.2,0,52029,0,-21
137,2024-10-21 11:32:00+05:30,52002.75,52002.75,51921.8,51935.2,0,51962,0,-26
138,2024-10-21 11:33:00+05:30,51936.3,51970.0,51927.15,51962.35,0,51948,1,14
139,2024-10-21 11:34:00+05:30,51962.35,51978.0,51940.35,51947.0,0,51959,0,-12
140,2024-10-21 11:35:00+05:30,51948.9,51977.1,51935.25,51935.25,0,51956,0,-20
141,2024-10-21 11:36:00+05:30,51936.6,51974.95,51934.1,51973.5,0,51954,1,19
142,2024-10-21 11:37:00+05:30,51973.5,51976.6,51957.1,51967.15,0,51966,1,1
143,2024-10-21 11:38:00+05:30,51968.75,51970.0,51940.3,51960.75,0,51955,1,5
144,2024-10-21 11:39:00+05:30,51966.4,52003.25,51963.1,51980.5,0,51983,0,-2
145,2024-10-21 11:40:00+05:30,51978.8,51984.55,51959.05,51959.05,0,51971,0,-11
146,2024-10-21 11:41:00+05:30,51961.3,51968.7,51940.05,51966.6,0,51954,1,12
147,2024-10-21 11:42:00+05:30,51966.55,52010.3,51963.2,52003.2,0,51986,1,17
148,2024-10-21 11:43:00+05:30,52000.45,52004.3,51980.1,51992.15,0,51992,1,0
149,2024-10-21 11:44:00+05:30,51993.55,52007.25,51981.65,51986.8,0,51994,0,-7
150,2024-10-21 11:45:00+05:30,51983.65,51991.15,51971.55,51974.65,0,51981,0,-6
151,2024-10-21 11:46:00+05:30,51976.2,51977.4,51948.2,51969.25,0,51962,1,7
152,2024-10-21 11:47:00+05:30,51974.6,52038.35,51965.6,52038.35,0,52001,1,37
153,2024-10-21 11:48:00+05:30,52042.85,52046.6,52016.6,52021.5,0,52031,0,-9
154,2024-10-21 11:49:00+05:30,52019.9,52035.65,52013.05,52021.1,0,52024,0,-2
155,2024-10-21 11:50:00+05:30,52019.25,52022.75,52009.65,52020.4,0,52016,1,4
156,2024-10-21 11:51:00+05:30,52021.05,52021.5,51988.15,51997.25,0,52004,0,-6
157,2024-10-21 11:52:00+05:30,51997.55,52009.3,51983.45,52006.95,0,51996,1,10
158,2024-10-21 11:53:00+05:30,52007.65,52008.6,51985.85,51992.8,0,51997,0,-4
159,2024-10-21 11:54:00+05:30,51992.4,52003.9,51989.0,51998.3,0,51996,1,2
160,2024-10-21 11:55:00+05:30,51998.35,51998.95,51983.3,51990.2,0,51991,0,0
161,2024-10-21 11:56:00+05:30,51992.45,51992.45,51978.85,51981.35,0,51985,0,-3
162,2024-10-21 11:57:00+05:30,51982.65,51996.1,51965.5,51970.3,0,51980,0,-9
163,2024-10-21 11:58:00+05:30,51975.45,51982.9,51960.55,51965.15,0,51971,0,-5
164,2024-10-21 11:59:00+05:30,51965.2,51972.2,51959.85,51965.8,0,51966,0,0
165,2024-10-21 12:00:00+05:30,51968.1,51986.15,51937.35,51982.9,0,51961,1,21
166,2024-10-21 12:01:00+05:30,51982.2,51988.45,51968.1,51982.35,0,51978,1,4
167,2024-10-21 12:02:00+05:30,51983.3,51984.85,51964.55,51971.5,0,51974,0,-2
168,2024-10-21 12:03:00+05:30,51971.6,51971.6,51952.85,51958.7,0,51962,0,-3
169,2024-10-21 12:04:00+05:30,51958.6,51970.55,51950.55,51956.15,0,51960,0,-3
170,2024-10-21 12:05:00+05:30,51957.15,51963.55,51943.45,51963.55,0,51953,1,10
171,2024-10-21 12:06:00+05:30,51960.15,51975.15,51955.95,51956.1,0,51965,0,-8
172,2024-10-21 12:07:00+05:30,51956.2,51957.25,51926.15,51949.95,0,51941,1,8
173,2024-10-21 12:08:00+05:30,51953.15,51956.0,51938.45,51938.65,0,51947,0,-8
174,2024-10-21 12:09:00+05:30,51941.85,51967.0,51937.95,51960.95,0,51952,1,8
175,2024-10-21 12:10:00+05:30,51961.5,51966.8,51949.75,51953.35,0,51958,0,-4
176,2024-10-21 12:11:00+05:30,51954.4,51959.65,51945.25,51954.55,0,51952,1,2
177,2024-10-21 12:12:00+05:30,51954.7,51957.15,51923.35,51930.9,0,51940,0,-9
178,2024-10-21 12:13:00+05:30,51933.0,51954.45,51910.95,51949.65,0,51932,1,17
179,2024-10-21 12:14:00+05:30,51954.0,51954.0,51913.65,51915.5,0,51933,0,-17
180,2024-10-21 12:15:00+05:30,51913.7,51944.85,51909.05,51931.9,0,51926,1,5
181,2024-10-21 12:16:00+05:30,51928.15,51953.05,51927.9,51945.1,0,51940,1,5
182,2024-10-21 12:17:00+05:30,51942.45,51963.5,51922.1,51959.15,0,51942,1,17
183,2024-10-21 12:18:00+05:30,51959.55,51986.15,51954.1,51980.0,0,51970,1,10
184,2024-10-21 12:19:00+05:30,51983.4,51984.15,51967.45,51976.55,0,51975,1,1
185,2024-10-21 12:20:00+05:30,51978.8,51992.5,51967.65,51986.2,0,51980,1,6
186,2024-10-21 12:21:00+05:30,51988.6,52006.45,51981.45,51995.8,0,51993,1,2
187,2024-10-21 12:22:00+05:30,51998.0,51998.0,51964.35,51974.35,0,51981,0,-6
188,2024-10-21 12:23:00+05:30,51973.5,51985.3,51957.4,51984.15,0,51971,1,13
189,2024-10-21 12:24:00+05:30,51981.15,51993.15,51971.3,51987.3,0,51982,1,5
190,2024-10-21 12:25:00+05:30,51988.7,52004.85,51981.3,52004.15,0,51993,1,11
191,2024-10-21 12:26:00+05:30,52001.55,52014.0,51998.65,52007.55,0,52006,1,1
192,2024-10-21 12:27:00+05:30,52000.1,52010.85,51989.85,51995.25,0,52000,0,-4
193,2024-10-21 12:28:00+05:30,51997.25,52007.45,51989.65,52002.15,0,51998,1,4
194,2024-10-21 12:29:00+05:30,52002.45,52006.05,51990.9,51994.2,0,51998,0,-3
195,2024-10-21 12:30:00+05:30,51994.65,51997.7,51960.3,51965.1,0,51979,0,-13
196,2024-10-21 12:31:00+05:30,51966.05,51977.15,51953.6,51971.75,0,51965,1,6
197,2024-10-21 12:32:00+05:30,51971.0,51990.3,51967.45,51986.15,0,51978,1,8
198,2024-10-21 12:33:00+05:30,51979.25,51989.05,51966.25,51974.5,0,51977,0,-2
199,2024-10-21 12:34:00+05:30,51971.65,51986.6,51966.25,51978.35,0,51976,1,2
200,2024-10-21 12:35:00+05:30,51978.15,51984.8,51971.0,51977.15,0,51977,1,0
201,2024-10-21 12:36:00+05:30,51974.5,51977.25,51959.55,51962.1,0,51968,0,-5
202,2024-10-21 12:37:00+05:30,51961.7,51967.15,51941.2,51958.7,0,51954,1,4
203,2024-10-21 12:38:00+05:30,51957.5,51966.5,51956.0,51961.15,0,51961,1,0
204,2024-10-21 12:39:00+05:30,51960.05,51960.05,51940.3,51958.3,0,51950,1,8
205,2024-10-21 12:40:00+05:30,51955.85,51960.85,51939.45,51954.85,0,51950,1,4
206,2024-10-21 12:41:00+05:30,51958.65,51958.95,51934.8,51944.95,0,51946,0,-1
207,2024-10-21 12:42:00+05:30,51947.65,51950.25,51925.75,51935.15,0,51938,0,-2
208,2024-10-21 12:43:00+05:30,51938.0,51964.45,51936.9,51955.35,0,51950,1,5
209,2024-10-21 12:44:00+05:30,51962.0,51980.4,51955.8,51969.5,0,51968,1,1
210,2024-10-21 12:45:00+05:30,51972.1,51975.2,51939.25,51947.95,0,51957,0,-9
211,2024-10-21 12:46:00+05:30,51948.9,51949.85,51929.0,51942.65,0,51939,1,3
212,2024-10-21 12:47:00+05:30,51943.0,51957.75,51938.85,51948.15,0,51948,1,0
213,2024-10-21 12:48:00+05:30,51953.55,51953.55,51929.85,51932.7,0,51941,0,-8
214,2024-10-21 12:49:00+05:30,51941.15,51947.75,51927.95,51947.75,0,51937,1,10
215,2024-10-21 12:50:00+05:30,51932.2,51944.9,51927.4,51936.95,0,51936,1,0
216,2024-10-21 12:51:00+05:30,51936.85,51967.0,51931.2,51959.2,0,51949,1,10
217,2024-10-21 12:52:00+05:30,51960.15,51967.65,51942.4,51948.8,0,51955,0,-6
218,2024-10-21 12:53:00+05:30,51951.65,51957.7,51938.95,51954.7,0,51948,1,6
219,2024-10-21 12:54:00+05:30,51956.1,51965.05,51935.7,51943.65,0,51950,0,-6
220,2024-10-21 12:55:00+05:30,51953.7,51955.5,51914.75,51919.65,0,51935,0,-15
221,2024-10-21 12:56:00+05:30,51920.45,51932.35,51913.65,51920.55,0,51923,0,-2
222,2024-10-21 12:57:00+05:30,51926.9,51928.9,51888.7,51925.25,0,51908,1,17
223,2024-10-21 12:58:00+05:30,51927.75,51938.95,51922.1,51926.45,0,51930,0,-3
224,2024-10-21 12:59:00+05:30,51928.75,51934.5,51904.0,51906.7,0,51919,0,-12
225,2024-10-21 13:00:00+05:30,51900.95,51911.75,51879.05,51882.4,0,51895,0,-12
226,2024-10-21 13:01:00+05:30,51889.95,51908.15,51880.35,51900.25,0,51894,1,6
227,2024-10-21 13:02:00+05:30,51900.6,51917.15,51885.95,51910.35,0,51901,1,9
228,2024-10-21 13:03:00+05:30,51909.95,51910.1,51889.65,51900.85,0,51899,1,1
229,2024-10-21 13:04:00+05:30,51902.0,51916.85,51882.65,51916.85,0,51899,1,17
230,2024-10-21 13:05:00+05:30,51911.2,51913.65,51892.95,51895.9,0,51903,0,-7
231,2024-10-21 13:06:00+05:30,51894.15,51909.05,51890.75,51893.9,0,51899,0,-5
232,2024-10-21 13:07:00+05:30,51892.45,51905.85,51887.9,51889.0,0,51896,0,-7
233,2024-10-21 13:08:00+05:30,51894.0,51917.35,51890.75,51917.35,0,51904,1,13
234,2024-10-21 13:09:00+05:30,51920.2,51978.5,51914.25,51978.5,0,51946,1,32
235,2024-10-21 13:10:00+05:30,51979.2,51985.7,51955.95,51962.65,0,51970,0,-7
236,2024-10-21 13:11:00+05:30,51961.05,51965.1,51942.7,51946.25,0,51953,0,-6
237,2024-10-21 13:12:00+05:30,51944.75,51970.3,51938.0,51965.85,0,51954,1,11
238,2024-10-21 13:13:00+05:30,51962.1,51965.65,51950.0,51959.15,0,51957,1,2
239,2024-10-21 13:14:00+05:30,51956.4,51980.45,51950.15,51975.15,0,51965,1,10
240,2024-10-21 13:15:00+05:30,51977.85,51998.25,51971.25,51992.5,0,51984,1,8
241,2024-10-21 13:16:00+05:30,51990.45,52000.1,51978.0,51993.35,0,51989,1,4
242,2024-10-21 13:17:00+05:30,51993.9,52041.1,51993.65,52036.8,0,52017,1,19
243,2024-10-21 13:18:00+05:30,52043.1,52054.15,52031.5,52054.1,0,52042,1,12
244,2024-10-21 13:19:00+05:30,52048.2,52085.2,52046.5,52081.15,0,52065,1,16
245,2024-10-21 13:20:00+05:30,52085.75,52085.75,52051.55,52084.05,0,52068,1,16
246,2024-10-21 13:21:00+05:30,52081.9,52084.35,52063.1,52069.25,0,52073,0,-3
247,2024-10-21 13:22:00+05:30,52074.2,52077.2,52050.6,52055.9,0,52063,0,-7
248,2024-10-21 13:23:00+05:30,52051.0,52062.25,52037.15,52052.2,0,52049,1,3
249,2024-10-21 13:24:00+05:30,52046.15,52055.45,52034.45,52038.4,0,52044,0,-5
250,2024-10-21 13:25:00+05:30,52043.55,52060.5,52033.7,52041.25,0,52047,0,-5
251,2024-10-21 13:26:00+05:30,52033.1,52042.85,52007.5,52025.0,0,52025,0,0
252,2024-10-21 13:27:00+05:30,52018.35,52022.2,51993.85,52004.5,0,52008,0,-3
253,2024-10-21 13:28:00+05:30,52002.5,52007.9,51985.55,52007.1,0,51996,1,11
254,2024-10-21 13:29:00+05:30,52007.0,52007.0,51973.5,51973.5,0,51990,0,-16
255,2024-10-21 13:30:00+05:30,51978.0,52001.0,51968.5,51994.0,0,51984,1,10
256,2024-10-21 13:31:00+05:30,51998.25,51998.25,51979.05,51993.95,0,51988,1,5
257,2024-10-21 13:32:00+05:30,51992.35,52002.5,51985.5,52002.5,0,51994,1,8
258,2024-10-21 13:33:00+05:30,51996.55,52027.9,51986.5,52024.05,0,52007,1,17
259,2024-10-21 13:34:00+05:30,52024.65,52027.45,51991.65,52012.0,0,52009,1,3
260,2024-10-21 13:35:00+05:30,52015.3,52019.45,51998.65,52004.4,0,52009,0,-4
261,2024-10-21 13:36:00+05:30,52004.95,52006.55,51983.75,52002.9,0,51995,1,7
262,2024-10-21 13:37:00+05:30,52003.15,52008.15,51986.45,52006.45,0,51997,1,9
263,2024-10-21 13:38:00+05:30,52004.1,52023.65,51999.6,52020.45,0,52011,1,9
264,2024-10-21 13:39:00+05:30,52021.65,52024.55,52007.2,52011.25,0,52015,0,-3
265,2024-10-21 13:40:00+05:30,52014.7,52017.6,52000.15,52011.3,0,52008,1,3
266,2024-10-21 13:41:00+05:30,52014.75,52018.1,52007.05,52013.7,0,52012,1,1
267,2024-10-21 13:42:00+05:30,52014.65,52025.0,52007.55,52014.6,0,52016,0,-1
268,2024-10-21 13:43:00+05:30,52017.25,52032.8,52009.75,52028.85,0,52021,1,7
269,2024-10-21 13:44:00+05:30,52028.25,52041.45,52020.15,52039.1,0,52030,1,9
270,2024-10-21 13:45:00+05:30,52042.5,52054.55,52023.15,52054.55,0,52038,1,16
271,2024-10-21 13:46:00+05:30,52048.5,52058.5,52016.8,52022.8,0,52037,0,-14
272,2024-10-21 13:47:00+05:30,52023.2,52024.45,51994.75,52008.3,0,52009,0,0
273,2024-10-21 13:48:00+05:30,52010.75,52016.95,51998.1,52009.75,0,52007,1,2
274,2024-10-21 13:49:00+05:30,52012.85,52033.05,52006.75,52024.8,0,52019,1,5
275,2024-10-21 13:50:00+05:30,52024.6,52030.4,52008.75,52022.95,0,52019,1,3
276,2024-10-21 13:51:00+05:30,52028.8,52041.95,52014.1,52039.15,0,52028,1,11
277,2024-10-21 13:52:00+05:30,52039.85,52064.55,52031.6,52062.1,0,52048,1,14
278,2024-10-21 13:53:00+05:30,52061.35,52070.8,52047.5,52056.2,0,52059,0,-2
279,2024-10-21 13:54:00+05:30,52057.85,52063.75,52044.9,52057.35,0,52054,1,3
280,2024-10-21 13:55:00+05:30,52050.65,52092.2,52050.65,52087.8,0,52071,1,16
281,2024-10-21 13:56:00+05:30,52087.65,52100.2,52064.95,52080.1,0,52082,0,-1
282,2024-10-21 13:57:00+05:30,52072.6,52090.95,52072.6,52072.85,0,52081,0,-8
283,2024-10-21 13:58:00+05:30,52076.35,52089.45,52068.75,52081.05,0,52079,1,2
284,2024-10-21 13:59:00+05:30,52080.55,52100.85,52076.4,52088.45,0,52088,1,0
285,2024-10-21 14:00:00+05:30,52084.35,52123.6,52078.95,52101.5,0,52101,1,0
286,2024-10-21 14:01:00+05:30,52101.65,52102.8,52062.0,52073.35,0,52082,0,-8
287,2024-10-21 14:02:00+05:30,52073.1,52074.2,52049.2,52059.85,0,52061,0,-1
288,2024-10-21 14:03:00+05:30,52063.55,52072.5,52057.95,52066.55,0,52065,1,1
289,2024-10-21 14:04:00+05:30,52070.8,52078.0,52062.95,52064.35,0,52070,0,-5
290,2024-10-21 14:05:00+05:30,52061.7,52072.95,52032.6,52035.0,0,52052,0,-17
291,2024-10-21 14:06:00+05:30,52034.4,52048.15,52021.45,52033.3,0,52034,0,0
292,2024-10-21 14:07:00+05:30,52030.95,52047.8,52022.65,52023.9,0,52035,0,-11
293,2024-10-21 14:08:00+05:30,52023.15,52029.9,51999.05,52010.1,0,52014,0,-3
294,2024-10-21 14:09:00+05:30,52017.05,52017.05,51995.45,52013.65,0,52006,1,7
295,2024-10-21 14:10:00+05:30,52016.4,52026.35,51992.8,52000.95,0,52009,0,-8
296,2024-10-21 14:11:00+05:30,52005.1,52011.5,51983.4,52011.5,0,51997,1,14
297,2024-10-21 14:12:00+05:30,52005.25,52019.8,51992.05,52011.4,0,52005,1,6
298,2024-10-21 14:13:00+05:30,52008.2,52026.5,51998.5,52024.4,0,52012,1,12
299,2024-10-21 14:14:00+05:30,52028.65,52028.65,52001.55,52020.1,0,52015,1,5
300,2024-10-21 14:15:00+05:30,52019.0,52032.9,52008.7,52031.7,0,52020,1,11
301,2024-10-21 14:16:00+05:30,52030.75,52044.9,52026.45,52033.1,0,52035,0,-1
302,2024-10-21 14:17:00+05:30,52032.55,52033.2,51991.6,51999.4,0,52012,0,-12
303,2024-10-21 14:18:00+05:30,52005.75,52028.9,51999.9,52025.8,0,52014,1,11
304,2024-10-21 14:19:00+05:30,52029.65,52038.05,52022.05,52026.75,0,52030,0,-3
305,2024-10-21 14:20:00+05:30,52024.65,52028.95,52010.6,52018.4,0,52019,0,0
306,2024-10-21 14:21:00+05:30,52018.0,52020.15,51999.05,52009.7,0,52009,1,0
307,2024-10-21 14:22:00+05:30,52010.85,52021.65,52004.0,52009.15,0,52012,0,-2
308,2024-10-21 14:23:00+05:30,52005.6,52033.4,52005.05,52027.75,0,52019,1,8
309,2024-10-21 14:24:00+05:30,52029.75,52046.05,52027.0,52041.6,0,52036,1,5
310,2024-10-21 14:25:00+05:30,52041.9,52051.3,52029.7,52036.1,0,52040,0,-3
311,2024-10-21 14:26:00+05:30,52035.0,52037.05,52011.0,52018.65,0,52024,0,-5
312,2024-10-21 14:27:00+05:30,52021.85,52032.3,52014.6,52021.95,0,52023,0,-1
313,2024-10-21 14:28:00+05:30,52023.0,52024.7,52002.35,52004.2,0,52013,0,-8
314,2024-10-21 14:29:00+05:30,52008.15,52010.5,51972.6,51984.75,0,51991,0,-6
315,2024-10-21 14:30:00+05:30,51983.85,52012.2,51977.7,52008.55,0,51994,1,14
316,2024-10-21 14:31:00+05:30,52001.6,52008.15,51999.3,52005.15,0,52003,1,2
317,2024-10-21 14:32:00+05:30,52005.85,52024.75,51998.9,52023.25,0,52011,1,12
318,2024-10-21 14:33:00+05:30,52021.9,52033.6,52014.15,52025.55,0,52023,1,2
319,2024-10-21 14:34:00+05:30,52027.55,52041.45,52018.7,52041.45,0,52030,1,11
320,2024-10-21 14:35:00+05:30,52040.55,52074.4,52034.7,52063.25,0,52054,1,9
321,2024-10-21 14:36:00+05:30,52065.95,52081.15,52060.9,52078.2,0,52071,1,7
322,2024-10-21 14:37:00+05:30,52077.55,52080.65,52041.9,52045.3,0,52061,0,-15
323,2024-10-21 14:38:00+05:30,52047.9,52047.9,52010.95,52017.7,0,52029,0,-11
324,2024-10-21 14:39:00+05:30,52015.2,52019.1,51969.6,51984.1,0,51994,0,-9
325,2024-10-21 14:40:00+05:30,51976.25,52001.0,51967.55,52001.0,0,51984,1,17
326,2024-10-21 14:41:00+05:30,51998.9,52000.35,51974.75,51974.75,0,51987,0,-12
327,2024-10-21 14:42:00+05:30,51973.55,51993.25,51973.55,51985.7,0,51983,1,2
328,2024-10-21 14:43:00+05:30,51986.5,51996.75,51969.45,51985.35,0,51983,1,2
329,2024-10-21 14:44:00+05:30,51983.05,51995.55,51971.05,51989.05,0,51983,1,6
330,2024-10-21 14:45:00+05:30,51987.9,51994.1,51974.35,51985.25,0,51984,1,1
331,2024-10-21 14:46:00+05:30,51984.8,51986.25,51968.05,51980.1,0,51977,1,3
332,2024-10-21 14:47:00+05:30,51977.95,51979.5,51949.35,51974.5,0,51964,1,10
333,2024-10-21 14:48:00+05:30,51971.1,51982.7,51959.6,51978.9,0,51971,1,7
334,2024-10-21 14:49:00+05:30,51973.65,52004.0,51964.35,51993.35,0,51984,1,9
335,2024-10-21 14:50:00+05:30,51994.05,51999.2,51975.85,51986.95,0,51987,0,0
336,2024-10-21 14:51:00+05:30,51986.1,52010.45,51981.35,52008.2,0,51995,1,13
337,2024-10-21 14:52:00+05:30,52007.3,52011.8,51990.5,52007.3,0,52001,1,6
338,2024-10-21 14:53:00+05:30,52008.0,52031.95,51991.75,52031.2,0,52011,1,20
339,2024-10-21 14:54:00+05:30,52029.15,52034.2,52000.85,52010.0,0,52017,0,-7
340,2024-10-21 14:55:00+05:30,52010.45,52041.5,52003.1,52041.5,0,52022,1,19
341,2024-10-21 14:56:00+05:30,52039.3,52051.75,52014.7,52026.4,0,52033,0,-6
342,2024-10-21 14:57:00+05:30,52025.3,52037.2,52004.7,52022.0,0,52020,1,2
343,2024-10-21 14:58:00+05:30,52020.35,52024.5,51988.75,51996.8,0,52006,0,-9
344,2024-10-21 14:59:00+05:30,51996.15,52013.5,51992.3,52012.4,0,52002,1,10
345,2024-10-21 15:00:00+05:30,52013.25,52021.85,51983.55,51997.8,0,52002,0,-4
346,2024-10-21 15:01:00+05:30,52000.3,52009.05,51980.8,52003.6,0,51994,1,9
347,2024-10-21 15:02:00+05:30,52005.0,52005.5,51977.4,51985.75,0,51991,0,-5
348,2024-10-21 15:03:00+05:30,51988.15,51988.15,51959.25,51969.9,0,51973,0,-3
349,2024-10-21 15:04:00+05:30,51971.7,51983.85,51950.6,51967.3,0,51967,1,0
350,2024-10-21 15:05:00+05:30,51971.6,51971.6,51919.15,51936.8,0,51945,0,-8
351,2024-10-21 15:06:00+05:30,51948.3,51971.3,51938.6,51955.95,0,51954,1,1
352,2024-10-21 15:07:00+05:30,51961.35,51984.6,51953.45,51965.35,0,51969,0,-3
353,2024-10-21 15:08:00+05:30,51967.35,51967.35,51929.25,51952.1,0,51948,1,4
354,2024-10-21 15:09:00+05:30,51954.45,51954.45,51931.2,51950.95,0,51942,1,8
355,2024-10-21 15:10:00+05:30,51951.95,51992.3,51951.95,51987.45,0,51972,1,15
356,2024-10-21 15:11:00+05:30,51994.7,51994.7,51944.45,51950.1,0,51969,0,-18
357,2024-10-21 15:12:00+05:30,51949.85,52017.6,51948.3,52011.1,0,51982,1,29
358,2024-10-21 15:13:00+05:30,52014.0,52015.15,51991.35,52001.3,0,52003,0,-1
359,2024-10-21 15:14:00+05:30,52003.1,52003.1,51990.8,51997.85,0,51996,1,1
360,2024-10-21 15:15:00+05:30,51998.9,51998.9,51949.65,51958.05,0,51974,0,-15
361,2024-10-21 15:16:00+05:30,51958.65,51958.65,51938.1,51946.5,0,51948,0,-1
362,2024-10-21 15:17:00+05:30,51948.2,51973.65,51934.2,51940.0,0,51953,0,-13
363,2024-10-21 15:18:00+05:30,51942.65,51950.05,51923.65,51942.05,0,51936,1,6
364,2024-10-21 15:19:00+05:30,51943.55,51964.3,51934.0,51964.15,0,51949,1,15
365,2024-10-21 15:20:00+05:30,51963.15,51991.3,51960.0,51970.5,0,51975,0,-4
366,2024-10-21 15:21:00+05:30,51973.4,51974.25,51937.2,51949.9,0,51955,0,-5
367,2024-10-21 15:22:00+05:30,51948.85,51958.75,51944.6,51949.0,0,51951,0,-2
368,2024-10-21 15:23:00+05:30,51951.7,51961.55,51946.15,51955.05,0,51953,1,2
369,2024-10-21 15:24:00+05:30,51955.55,51956.2,51925.15,51928.0,0,51940,0,-12
370,2024-10-21 15:25:00+05:30,51929.1,51937.05,51923.5,51931.1,0,51930,1,1
371,2024-10-21 15:26:00+05:30,51930.9,51937.6,51921.7,51933.7,0,51929,1,4
372,2024-10-21 15:27:00+05:30,51933.3,51941.1,51901.6,51904.3,0,51921,0,-16
373,2024-10-21 15:28:00+05:30,51899.3,51899.6,51863.65,51872.6,0,51881,0,-8
374,2024-10-21 15:29:00+05:30,51876.45,51878.95,51855.15,51857.05,0,51867,0,-9
375,2024-10-22 09:15:00+05:30,52071.35,52082.05,51859.4,51891.0,0,51970,0,-79
376,2024-10-22 09:16:00+05:30,51889.1,51907.65,51853.95,51899.8,0,51880,1,19
377,2024-10-22 09:17:00+05:30,51905.15,51994.35,51905.15,51994.35,0,51949,1,45
378,2024-10-22 09:18:00+05:30,51988.0,51992.9,51926.95,51985.65,0,51959,1,26
379,2024-10-22 09:19:00+05:30,51985.65,52023.2,51984.6,52012.1,0,52003,1,9
380,2024-10-22 09:20:00+05:30,52020.0,52043.4,52009.3,52027.8,0,52026,1,1
381,2024-10-22 09:21:00+05:30,52031.05,52033.6,51978.6,51986.85,0,52006,0,-19
382,2024-10-22 09:22:00+05:30,51991.95,51991.95,51881.85,51884.25,0,51936,0,-51
383,2024-10-22 09:23:00+05:30,51890.05,51917.65,51877.0,51898.4,0,51897,1,1
384,2024-10-22 09:24:00+05:30,51889.85,51927.65,51889.85,51904.95,0,51908,0,-3
385,2024-10-22 09:25:00+05:30,51902.35,51933.45,51892.75,51897.7,0,51913,0,-15
386,2024-10-22 09:26:00+05:30,51906.05,51950.3,51906.05,51946.45,0,51928,1,18
387,2024-10-22 09:27:00+05:30,51945.55,51965.55,51921.55,51965.55,0,51943,1,22
388,2024-10-22 09:28:00+05:30,51959.5,52007.0,51939.65,51986.05,0,51973,1,13
389,2024-10-22 09:29:00+05:30,51987.8,52016.05,51973.7,51973.7,0,51994,0,-20
390,2024-10-22 09:30:00+05:30,51985.3,52002.65,51966.25,51976.45,0,51984,0,-7
391,2024-10-22 09:31:00+05:30,51981.65,52056.75,51958.4,52043.4,0,52007,1,36
392,2024-10-22 09:32:00+05:30,52044.15,52083.1,52044.15,52076.2,0,52063,1,13
393,2024-10-22 09:33:00+05:30,52071.85,52086.45,52029.65,52037.85,0,52058,0,-20
394,2024-10-22 09:34:00+05:30,52036.0,52036.0,51960.1,51970.6,0,51998,0,-27
395,2024-10-22 09:35:00+05:30,51965.6,52015.5,51961.15,52013.3,0,51988,1,25
396,2024-10-22 09:36:00+05:30,52008.8,52030.7,51994.85,52011.25,0,52012,0,0
397,2024-10-22 09:37:00+05:30,52016.05,52046.75,52009.05,52037.55,0,52027,1,10
398,2024-10-22 09:38:00+05:30,52034.75,52036.85,52001.75,52007.7,0,52019,0,-11
399,2024-10-22 09:39:00+05:30,52007.4,52021.5,51994.6,52014.8,0,52008,1,6
400,2024-10-22 09:40:00+05:30,52014.8,52016.55,51974.2,51984.85,0,51995,0,-10
401,2024-10-22 09:41:00+05:30,51987.3,52045.9,51983.3,52045.9,0,52014,1,31
402,2024-10-22 09:42:00+05:30,52044.55,52070.4,52041.3,52055.45,0,52055,1,0
403,2024-10-22 09:43:00+05:30,52059.65,52079.65,52053.6,52062.65,0,52066,0,-3
404,2024-10-22 09:44:00+05:30,52066.05,52127.0,52046.7,52116.8,0,52086,1,30
405,2024-10-22 09:45:00+05:30,52115.95,52159.3,52110.7,52152.45,0,52135,1,17
406,2024-10-22 09:46:00+05:30,52149.45,52169.2,52138.05,52165.6,0,52153,1,12
407,2024-10-22 09:47:00+05:30,52165.05,52179.55,52152.55,52170.15,0,52166,1,4
408,2024-10-22 09:48:00+05:30,52170.2,52193.2,52162.35,52189.2,0,52177,1,12
409,2024-10-22 09:49:00+05:30,52187.35,52189.1,52144.0,52145.15,0,52166,0,-20
410,2024-10-22 09:50:00+05:30,52147.75,52190.45,52142.5,52160.15,0,52166,0,-5
411,2024-10-22 09:51:00+05:30,52159.05,52179.35,52153.95,52165.0,0,52166,0,-1
412,2024-10-22 09:52:00+05:30,52166.4,52215.45,52162.45,52173.45,0,52188,0,-14
413,2024-10-22 09:53:00+05:30,52176.15,52187.95,52172.1,52183.55,0,52180,1,3
414,2024-10-22 09:54:00+05:30,52181.65,52207.0,52177.45,52207.0,0,52192,1,15
415,2024-10-22 09:55:00+05:30,52201.85,52232.45,52188.4,52188.4,0,52210,0,-21
416,2024-10-22 09:56:00+05:30,52190.1,52190.1,52152.75,52161.0,0,52171,0,-10
417,2024-10-22 09:57:00+05:30,52160.45,52182.2,52152.55,52181.15,0,52167,1,14
418,2024-10-22 09:58:00+05:30,52179.45,52209.35,52176.3,52202.9,0,52192,1,10
419,2024-10-22 09:59:00+05:30,52207.05,52215.8,52194.05,52212.85,0,52204,1,8
420,2024-10-22 10:00:00+05:30,52213.6,52257.3,52201.3,52241.4,0,52229,1,12
421,2024-10-22 10:01:00+05:30,52240.1,52240.1,52205.2,52218.35,0,52222,0,-3
422,2024-10-22 10:02:00+05:30,52219.85,52219.85,52164.55,52177.25,0,52192,0,-14
423,2024-10-22 10:03:00+05:30,52177.45,52213.7,52162.15,52206.75,0,52187,1,19
424,2024-10-22 10:04:00+05:30,52209.35,52216.8,52198.4,52200.85,0,52207,0,-6
425,2024-10-22 10:05:00+05:30,52202.85,52202.85,52176.9,52176.9,0,52189,0,-12
426,2024-10-22 10:06:00+05:30,52175.05,52185.15,52157.8,52164.25,0,52171,0,-6
427,2024-10-22 10:07:00+05:30,52166.8,52166.8,52142.9,52156.75,0,52154,1,2
428,2024-10-22 10:08:00+05:30,52155.0,52187.8,52152.55,52185.6,0,52170,1,15
429,2024-10-22 10:09:00+05:30,52185.85,52189.3,52163.95,52176.7,0,52176,1,0
430,2024-10-22 10:10:00+05:30,52179.4,52193.35,52169.35,52186.05,0,52181,1,5
431,2024-10-22 10:11:00+05:30,52188.8,52188.8,52130.25,52130.25,0,52159,0,-28
432,2024-10-22 10:12:00+05:30,52130.5,52130.5,52081.4,52107.75,0,52105,1,2
433,2024-10-22 10:13:00+05:30,52109.45,52114.8,52053.8,52064.1,0,52084,0,-19
434,2024-10-22 10:14:00+05:30,52065.3,52074.45,52048.0,52070.7,0,52061,1,9
435,2024-10-22 10:15:00+05:30,52069.8,52083.9,52058.0,52071.85,0,52070,1,1
436,2024-10-22 10:16:00+05:30,52071.85,52071.85,51998.1,52012.5,0,52034,0,-21
437,2024-10-22 10:17:00+05:30,52011.6,52011.6,51954.5,51956.15,0,51983,0,-26
438,2024-10-22 10:18:00+05:30,51961.0,51977.4,51946.7,51977.4,0,51962,1,15
439,2024-10-22 10:19:00+05:30,51981.6,51982.0,51913.65,51932.75,0,51947,0,-14
440,2024-10-22 10:20:00+05:30,51935.85,51964.75,51934.35,51944.1,0,51949,0,-4
441,2024-10-22 10:21:00+05:30,51948.95,51950.65,51899.05,51934.3,0,51924,1,10
442,2024-10-22 10:22:00+05:30,51936.75,51978.85,51920.9,51976.1,0,51949,1,27
443,2024-10-22 10:23:00+05:30,51977.0,51977.8,51948.55,51951.45,0,51963,0,-11
444,2024-10-22 10:24:00+05:30,51945.65,51961.65,51936.6,51943.0,0,51949,0,-6
445,2024-10-22 10:25:00+05:30,51943.4,51962.85,51925.05,51950.0,0,51943,1,7
446,2024-10-22 10:26:00+05:30,51944.95,51947.6,51894.85,51906.0,0,51921,0,-15
447,2024-10-22 10:27:00+05:30,51902.85,51924.35,51860.45,51866.25,0,51892,0,-25
448,2024-10-22 10:28:00+05:30,51863.85,51875.8,51800.35,51806.6,0,51838,0,-31
449,2024-10-22 10:29:00+05:30,51806.7,51810.3,51758.6,51759.75,0,51784,0,-24
450,2024-10-22 10:30:00+05:30,51757.85,51820.9,51727.2,51805.3,0,51774,1,31
451,2024-10-22 10:31:00+05:30,51807.45,51812.7,51768.9,51780.0,0,51790,0,-10
452,2024-10-22 10:32:00+05:30,51780.8,51799.7,51746.75,51746.75,0,51773,0,-26
453,2024-10-22 10:33:00+05:30,51755.05,51777.45,51721.75,51760.45,0,51749,1,11
454,2024-10-22 10:34:00+05:30,51759.95,51891.5,51755.4,51891.5,0,51823,1,68
455,2024-10-22 10:35:00+05:30,51896.95,51969.15,51872.8,51897.7,0,51920,0,-22
456,2024-10-22 10:36:00+05:30,51899.0,51928.55,51877.7,51904.45,0,51903,1,1
457,2024-10-22 10:37:00+05:30,51906.55,51911.05,51841.05,51841.3,0,51876,0,-34
458,2024-10-22 10:38:00+05:30,51842.8,51909.5,51837.75,51909.5,0,51873,1,36
459,2024-10-22 10:39:00+05:30,51912.8,51945.15,51882.2,51910.9,0,51913,0,-2
460,2024-10-22 10:40:00+05:30,51911.65,51951.05,51910.75,51930.0,0,51930,0,0
461,2024-10-22 10:41:00+05:30,51926.45,51968.3,51886.8,51954.55,0,51927,1,27
462,2024-10-22 10:42:00+05:30,51956.5,51999.9,51950.55,51973.8,0,51975,0,-1
463,2024-10-22 10:43:00+05:30,51974.05,51974.5,51902.65,51954.85,0,51938,1,16
464,2024-10-22 10:44:00+05:30,51949.25,51976.3,51926.9,51930.85,0,51951,0,-20
465,2024-10-22 10:45:00+05:30,51934.4,51957.4,51910.4,51917.85,0,51933,0,-15
466,2024-10-22 10:46:00+05:30,51918.25,51949.2,51889.45,51890.7,0,51919,0,-28
467,2024-10-22 10:47:00+05:30,51893.95,51962.35,51893.95,51919.9,0,51928,0,-8
468,2024-10-22 10:48:00+05:30,51919.7,51964.35,51914.3,51936.15,0,51939,0,-2
469,2024-10-22 10:49:00+05:30,51936.15,51957.9,51925.4,51932.75,0,51941,0,-8
470,2024-10-22 10:50:00+05:30,51933.85,51960.5,51926.0,51960.5,0,51943,1,17
471,2024-10-22 10:51:00+05:30,51956.9,51979.45,51942.7,51965.75,0,51961,1,4
472,2024-10-22 10:52:00+05:30,51962.4,52001.25,51950.4,51962.9,0,51975,0,-12
473,2024-10-22 10:53:00+05:30,51960.45,51989.9,51958.0,51967.35,0,51973,0,-5
474,2024-10-22 10:54:00+05:30,51967.9,51968.25,51902.6,51910.35,0,51935,0,-24
475,2024-10-22 10:55:00+05:30,51909.05,51914.45,51870.45,51879.05,0,51892,0,-12
476,2024-10-22 10:56:00+05:30,51879.3,51921.8,51857.9,51921.8,0,51889,1,32
477,2024-10-22 10:57:00+05:30,51916.6,51953.1,51910.75,51917.0,0,51931,0,-14
478,2024-10-22 10:58:00+05:30,51917.0,51960.25,51917.0,51945.8,0,51938,1,7
479,2024-10-22 10:59:00+05:30,51943.75,51959.8,51927.1,51939.65,0,51943,0,-3
480,2024-10-22 11:00:00+05:30,51938.35,51959.9,51934.1,51956.85,0,51947,1,9
481,2024-10-22 11:01:00+05:30,51959.35,51968.1,51928.2,51929.45,0,51948,0,-18
482,2024-10-22 11:02:00+05:30,51928.45,51951.7,51920.7,51922.75,0,51936,0,-13
483,2024-10-22 11:03:00+05:30,51925.9,51931.65,51904.35,51908.8,0,51918,0,-9
484,2024-10-22 11:04:00+05:30,51907.35,51913.1,51898.15,51908.75,0,51905,1,3
485,2024-10-22 11:05:00+05:30,51913.05,51921.5,51891.75,51898.95,0,51906,0,-7
486,2024-10-22 11:06:00+05:30,51901.35,51901.7,51825.2,51839.6,0,51863,0,-23
487,2024-10-22 11:07:00+05:30,51840.75,51872.65,51828.1,51870.9,0,51850,1,20
488,2024-10-22 11:08:00+05:30,51870.05,51917.7,51859.6,51874.8,0,51888,0,-13
489,2024-10-22 11:09:00+05:30,51874.45,51925.1,51862.15,51917.7,0,51893,1,24
490,2024-10-22 11:10:00+05:30,51923.65,51969.5,51923.65,51939.85,0,51946,0,-6
491,2024-10-22 11:11:00+05:30,51935.8,51938.55,51896.45,51904.05,0,51917,0,-12
492,2024-10-22 11:12:00+05:30,51903.6,51948.9,51900.05,51932.8,0,51924,1,8
493,2024-10-22 11:13:00+05:30,51929.0,51948.2,51923.5,51939.5,0,51935,1,4
494,2024-10-22 11:14:00+05:30,51940.15,51950.15,51911.4,51941.8,0,51930,1,11
495,2024-10-22 11:15:00+05:30,51940.9,51955.8,51917.85,51925.45,0,51936,0,-10
496,2024-10-22 11:16:00+05:30,51926.45,51935.65,51910.8,51916.9,0,51923,0,-6
497,2024-10-22 11:17:00+05:30,51915.65,51938.15,51913.2,51935.9,0,51925,1,10
498,2024-10-22 11:18:00+05:30,51931.5,51931.5,51893.8,51893.8,0,51912,0,-18
499,2024-10-22 11:19:00+05:30,51895.1,51915.6,51889.6,51902.1,0,51902,1,0
500,2024-10-22 11:20:00+05:30,51900.65,51909.6,51873.3,51873.3,0,51891,0,-17
501,2024-10-22 11:21:00+05:30,51873.9,51873.9,51846.2,51863.0,0,51860,1,3
502,2024-10-22 11:22:00+05:30,51863.5,51864.75,51818.2,51834.45,0,51841,0,-6
503,2024-10-22 11:23:00+05:30,51832.9,51833.25,51781.0,51783.05,0,51807,0,-23
504,2024-10-22 11:24:00+05:30,51785.05,51815.7,51764.5,51806.05,0,51790,1,16
505,2024-10-22 11:25:00+05:30,51806.9,51827.6,51800.35,51822.25,0,51813,1,9
506,2024-10-22 11:26:00+05:30,51819.2,51824.25,51776.95,51776.95,0,51800,0,-23
507,2024-10-22 11:27:00+05:30,51781.55,51789.15,51754.6,51770.05,0,51771,0,0
508,2024-10-22 11:28:00+05:30,51772.4,51797.3,51757.3,51797.3,0,51777,1,20
509,2024-10-22 11:29:00+05:30,51795.0,51807.65,51774.85,51804.8,0,51791,1,13
510,2024-10-22 11:30:00+05:30,51801.9,51829.6,51796.7,51823.4,0,51813,1,10
511,2024-10-22 11:31:00+05:30,51824.1,51824.1,51786.25,51806.6,0,51805,1,1
512,2024-10-22 11:32:00+05:30,51806.8,51866.2,51806.8,51854.5,0,51836,1,18
513,2024-10-22 11:33:00+05:30,51862.35,51911.9,51857.85,51904.75,0,51884,1,20
514,2024-10-22 11:34:00+05:30,51903.3,51907.8,51869.3,51870.85,0,51888,0,-17
515,2024-10-22 11:35:00+05:30,51873.8,51873.8,51837.85,51845.15,0,51855,0,-9
516,2024-10-22 11:36:00+05:30,51841.9,51850.7,51826.9,51831.6,0,51838,0,-6
517,2024-10-22 11:37:00+05:30,51828.2,51828.2,51781.65,51783.45,0,51804,0,-20
518,2024-10-22 11:38:00+05:30,51782.6,51789.75,51763.1,51769.05,0,51776,0,-6
519,2024-10-22 11:39:00+05:30,51764.25,51775.8,51747.25,51771.05,0,51761,1,10
520,2024-10-22 11:40:00+05:30,51770.7,51770.7,51681.9,51690.9,0,51726,0,-35
521,2024-10-22 11:41:00+05:30,51685.75,51716.9,51666.7,51692.8,0,51691,1,1
522,2024-10-22 11:42:00+05:30,51693.65,51705.5,51628.65,51647.85,0,51667,0,-19
523,2024-10-22 11:43:00+05:30,51645.7,51676.6,51623.6,51669.7,0,51650,1,19
524,2024-10-22 11:44:00+05:30,51666.7,51666.7,51603.75,51615.45,0,51635,0,-19
525,2024-10-22 11:45:00+05:30,51621.5,51648.9,51539.8,51637.2,0,51594,1,43
526,2024-10-22 11:46:00+05:30,51641.15,51683.85,51636.25,51650.4,0,51660,0,-9
527,2024-10-22 11:47:00+05:30,51654.45,51662.4,51607.5,51637.15,0,51634,1,3
528,2024-10-22 11:48:00+05:30,51640.05,51646.55,51587.65,51606.2,0,51617,0,-10
529,2024-10-22 11:49:00+05:30,51602.85,51618.75,51571.6,51609.1,0,51595,1,14
530,2024-10-22 11:50:00+05:30,51612.1,51628.2,51591.15,51628.2,0,51609,1,19
531,2024-10-22 11:51:00+05:30,51622.8,51629.65,51591.25,51614.2,0,51610,1,4
532,2024-10-22 11:52:00+05:30,51612.45,51629.65,51591.65,51596.3,0,51610,0,-13
533,2024-10-22 11:53:00+05:30,51598.15,51608.9,51581.2,51589.55,0,51595,0,-5
534,2024-10-22 11:54:00+05:30,51596.5,51596.75,51527.9,51529.0,0,51562,0,-33
535,2024-10-22 11:55:00+05:30,51530.4,51577.9,51513.65,51577.9,0,51545,1,32
536,2024-10-22 11:56:00+05:30,51579.35,51603.95,51576.15,51596.95,0,51590,1,6
537,2024-10-22 11:57:00+05:30,51597.75,51608.9,51582.1,51608.7,0,51595,1,13
538,2024-10-22 11:58:00+05:30,51607.75,51640.95,51592.3,51626.35,0,51616,1,10
539,2024-10-22 11:59:00+05:30,51631.85,51660.8,51622.3,51645.1,0,51641,1,4
540,2024-10-22 12:00:00+05:30,51645.7,51709.7,51638.25,51680.2,0,51673,1,7
541,2024-10-22 12:01:00+05:30,51680.35,51685.05,51645.7,51655.45,0,51665,0,-9
542,2024-10-22 12:02:00+05:30,51654.6,51659.4,51636.1,51655.0,0,51647,1,8
543,2024-10-22 12:03:00+05:30,51656.9,51666.25,51634.95,51639.65,0,51650,0,-10
544,2024-10-22 12:04:00+05:30,51639.75,51642.2,51613.05,51621.15,0,51627,0,-5
545,2024-10-22 12:05:00+05:30,51623.1,51654.6,51611.45,51650.75,0,51633,1,17
546,2024-10-22 12:06:00+05:30,51651.0,51665.45,51639.65,51643.15,0,51652,0,-8
547,2024-10-22 12:07:00+05:30,51646.05,51662.65,51641.75,51649.35,0,51652,0,-2
548,2024-10-22 12:08:00+05:30,51647.65,51656.4,51628.45,51629.7,0,51642,0,-12
549,2024-10-22 12:09:00+05:30,51630.15,51654.3,51627.8,51650.75,0,51641,1,9
550,2024-10-22 12:10:00+05:30,51649.9,51660.5,51623.9,51624.7,0,51642,0,-17
551,2024-10-22 12:11:00+05:30,51624.1,51639.55,51618.6,51638.85,0,51629,1,9
552,2024-10-22 12:12:00+05:30,51641.4,51652.35,51623.35,51642.95,0,51637,1,5
553,2024-10-22 12:13:00+05:30,51644.65,51683.95,51644.5,51666.15,0,51664,1,2
554,2024-10-22 12:14:00+05:30,51670.2,51683.25,51625.0,51629.95,0,51654,0,-24
555,2024-10-22 12:15:00+05:30,51627.3,51640.4,51617.35,51625.3,0,51628,0,-2
556,2024-10-22 12:16:00+05:30,51627.55,51628.4,51610.45,51614.65,0,51619,0,-4
557,2024-10-22 12:17:00+05:30,51616.35,51617.45,51579.3,51579.95,0,51598,0,-18
558,2024-10-22 12:18:00+05:30,51583.4,51599.65,51583.4,51595.8,0,51591,1,4
559,2024-10-22 12:19:00+05:30,51597.5,51628.7,51591.35,51596.15,0,51610,0,-13
560,2024-10-22 12:20:00+05:30,51594.4,51611.55,51588.1,51595.7,0,51599,0,-3
561,2024-10-22 12:21:00+05:30,51597.95,51600.45,51572.95,51600.45,0,51586,1,14
562,2024-10-22 12:22:00+05:30,51600.85,51621.25,51597.55,51614.9,0,51609,1,5
563,2024-10-22 12:23:00+05:30,51613.6,51670.65,51613.6,51657.2,0,51642,1,15
564,2024-10-22 12:24:00+05:30,51657.05,51770.45,51656.7,51752.55,0,51713,1,39
565,2024-10-22 12:25:00+05:30,51751.0,51753.8,51695.5,51702.15,0,51724,0,-21
566,2024-10-22 12:26:00+05:30,51705.45,51712.85,51676.65,51680.05,0,51694,0,-13
567,2024-10-22 12:27:00+05:30,51675.7,51705.3,51666.55,51666.55,0,51685,0,-18
568,2024-10-22 12:28:00+05:30,51665.5,51668.75,51568.35,51573.75,0,51618,0,-44
569,2024-10-22 12:29:00+05:30,51571.65,51587.8,51555.65,51583.2,0,51571,1,12
570,2024-10-22 12:30:00+05:30,51578.6,51587.3,51527.05,51546.05,0,51557,0,-10
571,2024-10-22 12:31:00+05:30,51550.3,51561.95,51534.05,51558.45,0,51548,1,10
572,2024-10-22 12:32:00+05:30,51555.05,51593.7,51553.7,51587.8,0,51573,1,14
573,2024-10-22 12:33:00+05:30,51581.2,51609.5,51576.75,51593.65,0,51593,1,0
574,2024-10-22 12:34:00+05:30,51593.1,51611.8,51581.05,51599.05,0,51596,1,3
575,2024-10-22 12:35:00+05:30,51591.55,51596.75,51568.4,51577.45,0,51582,0,-4
576,2024-10-22 12:36:00+05:30,51578.8,51578.8,51554.0,51559.6,0,51566,0,-6
577,2024-10-22 12:37:00+05:30,51558.75,51566.45,51547.05,51561.0,0,51556,1,5
578,2024-10-22 12:38:00+05:30,51559.55,51571.85,51539.25,51539.25,0,51555,0,-15
579,2024-10-22 12:39:00+05:30,51539.05,51572.75,51527.15,51572.75,0,51549,1,23
580,2024-10-22 12:40:00+05:30,51569.6,51575.9,51545.9,51574.1,0,51560,1,14
581,2024-10-22 12:41:00+05:30,51569.4,51579.9,51558.55,51563.6,0,51569,0,-5
582,2024-10-22 12:42:00+05:30,51563.4,51575.85,51542.7,51554.95,0,51559,0,-4
583,2024-10-22 12:43:00+05:30,51550.2,51581.1,51547.2,51547.9,0,51564,0,-16
584,2024-10-22 12:44:00+05:30,51544.9,51592.6,51543.15,51592.6,0,51567,1,25
585,2024-10-22 12:45:00+05:30,51592.15,51595.8,51559.6,51567.05,0,51577,0,-9
586,2024-10-22 12:46:00+05:30,51564.95,51572.5,51555.35,51558.6,0,51563,0,-4
587,2024-10-22 12:47:00+05:30,51555.85,51559.05,51512.3,51517.4,0,51535,0,-17
588,2024-10-22 12:48:00+05:30,51513.25,51523.35,51507.2,51513.55,0,51515,0,-1
589,2024-10-22 12:49:00+05:30,51513.95,51538.1,51493.35,51495.15,0,51515,0,-19
590,2024-10-22 12:50:00+05:30,51494.7,51517.7,51457.7,51502.7,0,51487,1,15
591,2024-10-22 12:51:00+05:30,51501.75,51513.9,51493.0,51506.05,0,51503,1,3
592,2024-10-22 12:52:00+05:30,51503.85,51519.4,51492.05,51503.6,0,51505,0,-1
593,2024-10-22 12:53:00+05:30,51506.0,51529.45,51496.75,51529.4,0,51513,1,16
594,2024-10-22 12:54:00+05:30,51530.15,51530.7,51495.75,51501.35,0,51513,0,-11
595,2024-10-22 12:55:00+05:30,51504.3,51518.05,51487.1,51508.55,0,51502,1,6
596,2024-10-22 12:56:00+05:30,51513.6,51556.7,51507.55,51553.7,0,51532,1,21
597,2024-10-22 12:57:00+05:30,51551.95,51554.9,51532.9,51541.65,0,51543,0,-1
598,2024-10-22 12:58:00+05:30,51541.15,51548.5,51519.6,51546.6,0,51534,1,12
599,2024-10-22 12:59:00+05:30,51547.35,51557.1,51533.3,51535.55,0,51545,0,-9
600,2024-10-22 13:00:00+05:30,51534.3,51537.95,51504.35,51506.75,0,51521,0,-14
601,2024-10-22 13:01:00+05:30,51504.4,51519.5,51494.65,51519.5,0,51507,1,12
602,2024-10-22 13:02:00+05:30,51519.4,51519.4,51462.85,51464.35,0,51491,0,-26
603,2024-10-22 13:03:00+05:30,51467.8,51481.7,51455.9,51461.95,0,51468,0,-6
604,2024-10-22 13:04:00+05:30,51462.5,51497.3,51462.5,51495.0,0,51479,1,16
605,2024-10-22 13:05:00+05:30,51496.0,51508.8,51480.85,51482.45,0,51494,0,-11
606,2024-10-22 13:06:00+05:30,51484.85,51484.85,51444.0,51465.6,0,51464,1,1
607,2024-10-22 13:07:00+05:30,51467.25,51520.9,51465.95,51514.7,0,51493,1,21
608,2024-10-22 13:08:00+05:30,51521.05,51522.35,51487.4,51495.4,0,51504,0,-8
609,2024-10-22 13:09:00+05:30,51495.7,51508.5,51482.25,51482.25,0,51495,0,-12
610,2024-10-22 13:10:00+05:30,51480.35,51487.55,51450.3,51453.9,0,51468,0,-14
611,2024-10-22 13:11:00+05:30,51453.1,51501.55,51449.35,51493.1,0,51475,1,18
612,2024-10-22 13:12:00+05:30,51491.6,51500.45,51475.0,51475.0,0,51487,0,-12
613,2024-10-22 13:13:00+05:30,51479.3,51491.25,51452.2,51463.75,0,51471,0,-7
614,2024-10-22 13:14:00+05:30,51469.75,51505.5,51465.65,51504.0,0,51485,1,19
615,2024-10-22 13:15:00+05:30,51505.1,51510.15,51469.65,51469.65,0,51489,0,-19
616,2024-10-22 13:16:00+05:30,51474.05,51502.05,51452.45,51471.5,0,51477,0,-5
617,2024-10-22 13:17:00+05:30,51471.9,51494.9,51461.1,51465.95,0,51478,0,-12
618,2024-10-22 13:18:00+05:30,51467.85,51477.15,51442.5,51448.8,0,51459,0,-10
619,2024-10-22 13:19:00+05:30,51450.25,51454.75,51422.95,51435.05,0,51438,0,-2
620,2024-10-22 13:20:00+05:30,51431.3,51444.8,51411.2,51443.9,0,51428,1,15
621,2024-10-22 13:21:00+05:30,51445.55,51462.2,51433.55,51455.7,0,51447,1,8
622,2024-10-22 13:22:00+05:30,51456.1,51468.55,51447.85,51463.45,0,51458,1,5
623,2024-10-22 13:23:00+05:30,51465.3,51466.5,51432.25,51439.85,0,51449,0,-9
624,2024-10-22 13:24:00+05:30,51441.05,51477.0,51436.8,51467.2,0,51456,1,11
625,2024-10-22 13:25:00+05:30,51472.25,51488.5,51465.95,51471.0,0,51477,0,-6
626,2024-10-22 13:26:00+05:30,51471.75,51471.75,51447.15,51461.4,0,51459,1,2
627,2024-10-22 13:27:00+05:30,51460.05,51473.75,51450.85,51455.5,0,51462,0,-6
628,2024-10-22 13:28:00+05:30,51453.5,51484.65,51441.95,51483.95,0,51463,1,20
629,2024-10-22 13:29:00+05:30,51478.8,51494.0,51473.55,51490.2,0,51483,1,7
630,2024-10-22 13:30:00+05:30,51494.85,51562.55,51494.85,51533.35,0,51528,1,5
631,2024-10-22 13:31:00+05:30,51531.95,51533.4,51481.9,51505.3,0,51507,0,-1
632,2024-10-22 13:32:00+05:30,51504.2,51552.3,51504.2,51549.95,0,51528,1,21
633,2024-10-22 13:33:00+05:30,51546.9,51548.6,51523.8,51536.7,0,51536,1,0
634,2024-10-22 13:34:00+05:30,51534.8,51534.8,51506.15,51523.0,0,51520,1,3
635,2024-10-22 13:35:00+05:30,51520.6,51525.4,51499.3,51514.65,0,51512,1,2
636,2024-10-22 13:36:00+05:30,51515.05,51515.05,51463.1,51468.25,0,51489,0,-20
637,2024-10-22 13:37:00+05:30,51469.85,51504.45,51469.2,51485.65,0,51486,0,0
638,2024-10-22 13:38:00+05:30,51487.35,51514.65,51481.5,51502.85,0,51498,1,4
639,2024-10-22 13:39:00+05:30,51503.8,51528.1,51495.35,51527.1,0,51511,1,16
640,2024-10-22 13:40:00+05:30,51526.25,51530.8,51495.85,51519.1,0,51513,1,6
641,2024-10-22 13:41:00+05:30,51520.85,51538.75,51495.0,51535.05,0,51516,1,19
642,2024-10-22 13:42:00+05:30,51536.75,51537.35,51506.3,51511.8,0,51521,0,-9
643,2024-10-22 13:43:00+05:30,51509.85,51513.25,51482.0,51499.65,0,51497,1,2
644,2024-10-22 13:44:00+05:30,51489.45,51501.8,51481.35,51500.05,0,51491,1,9
645,2024-10-22 13:45:00+05:30,51499.0,51502.65,51469.5,51486.8,0,51486,1,0
646,2024-10-22 13:46:00+05:30,51482.7,51515.25,51465.55,51512.2,0,51490,1,22
647,2024-10-22 13:47:00+05:30,51513.8,51551.6,51505.45,51544.95,0,51528,1,16
648,2024-10-22 13:48:00+05:30,51546.6,51590.3,51539.55,51548.7,0,51564,0,-15
649,2024-10-22 13:49:00+05:30,51550.65,51562.7,51542.65,51561.6,0,51552,1,9
650,2024-10-22 13:50:00+05:30,51562.8,51579.9,51556.05,51575.55,0,51567,1,8
651,2024-10-22 13:51:00+05:30,51576.15,51579.8,51543.75,51557.35,0,51561,0,-3
652,2024-10-22 13:52:00+05:30,51558.15,51565.9,51539.95,51557.65,0,51552,1,5
653,2024-10-22 13:53:00+05:30,51558.2,51586.8,51552.05,51584.2,0,51569,1,15
654,2024-10-22 13:54:00+05:30,51586.5,51601.55,51549.7,51556.3,0,51575,0,-18
655,2024-10-22 13:55:00+05:30,51558.55,51582.4,51551.45,51578.55,0,51566,1,12
656,2024-10-22 13:56:00+05:30,51574.75,51580.0,51556.8,51575.2,0,51568,1,7
657,2024-10-22 13:57:00+05:30,51574.55,51576.9,51547.3,51553.15,0,51562,0,-8
658,2024-10-22 13:58:00+05:30,51556.3,51556.7,51534.0,51537.1,0,51545,0,-7
659,2024-10-22 13:59:00+05:30,51539.6,51558.85,51539.15,51556.95,0,51549,1,7
660,2024-10-22 14:00:00+05:30,51558.65,51565.45,51549.4,51564.0,0,51557,1,7
661,2024-10-22 14:01:00+05:30,51563.3,51592.45,51562.7,51566.6,0,51577,0,-10
662,2024-10-22 14:02:00+05:30,51560.3,51562.85,51534.75,51539.6,0,51548,0,-8
663,2024-10-22 14:03:00+05:30,51537.75,51556.4,51534.9,51546.65,0,51545,1,1
664,2024-10-22 14:04:00+05:30,51549.35,51549.35,51518.3,51518.3,0,51533,0,-14
665,2024-10-22 14:05:00+05:30,51518.35,51527.25,51502.6,51515.1,0,51514,1,1
666,2024-10-22 14:06:00+05:30,51515.7,51540.75,51510.85,51528.9,0,51525,1,3
667,2024-10-22 14:07:00+05:30,51527.0,51564.2,51527.0,51562.95,0,51545,1,17
668,2024-10-22 14:08:00+05:30,51566.7,51574.75,51542.1,51545.9,0,51558,0,-12
669,2024-10-22 14:09:00+05:30,51545.15,51561.0,51544.35,51556.65,0,51552,1,4
670,2024-10-22 14:10:00+05:30,51552.6,51575.9,51546.0,51575.9,0,51560,1,15
671,2024-10-22 14:11:00+05:30,51573.55,51667.5,51573.55,51658.25,0,51620,1,38
672,2024-10-22 14:12:00+05:30,51661.55,51681.2,51630.45,51648.1,0,51655,0,-6
673,2024-10-22 14:13:00+05:30,51647.7,51676.15,51638.85,51669.2,0,51657,1,12
674,2024-10-22 14:14:00+05:30,51666.15,51674.55,51655.45,51672.05,0,51665,1,7
675,2024-10-22 14:15:00+05:30,51676.25,51679.15,51624.4,51627.0,0,51651,0,-24
676,2024-10-22 14:16:00+05:30,51632.6,51639.05,51585.1,51593.9,0,51612,0,-18
677,2024-10-22 14:17:00+05:30,51597.05,51602.6,51538.45,51553.65,0,51570,0,-16
678,2024-10-22 14:18:00+05:30,51553.9,51555.55,51529.55,51547.2,0,51542,1,5
679,2024-10-22 14:19:00+05:30,51547.1,51560.35,51517.75,51530.5,0,51539,0,-8
680,2024-10-22 14:20:00+05:30,51534.75,51540.1,51517.3,51525.45,0,51528,0,-2
681,2024-10-22 14:21:00+05:30,51532.4,51563.15,51523.5,51540.65,0,51543,0,-2
682,2024-10-22 14:22:00+05:30,51536.1,51591.9,51535.55,51583.9,0,51563,1,20
683,2024-10-22 14:23:00+05:30,51581.9,51607.05,51558.5,51580.1,0,51582,0,-1
684,2024-10-22 14:24:00+05:30,51584.55,51585.45,51539.85,51553.2,0,51562,0,-8
685,2024-10-22 14:25:00+05:30,51553.9,51558.45,51541.45,51547.1,0,51549,0,-1
686,2024-10-22 14:26:00+05:30,51546.8,51581.2,51535.3,51570.3,0,51558,1,12
687,2024-10-22 14:27:00+05:30,51570.15,51572.7,51513.6,51518.0,0,51543,0,-25
688,2024-10-22 14:28:00+05:30,51520.9,51525.2,51485.45,51507.95,0,51505,1,2
689,2024-10-22 14:29:00+05:30,51510.8,51585.25,51501.05,51569.7,0,51543,1,26
690,2024-10-22 14:30:00+05:30,51568.8,51584.2,51545.0,51546.55,0,51564,0,-17
691,2024-10-22 14:31:00+05:30,51547.55,51572.35,51531.85,51570.1,0,51552,1,18
692,2024-10-22 14:32:00+05:30,51565.8,51585.15,51539.95,51571.85,0,51562,1,9
693,2024-10-22 14:33:00+05:30,51566.95,51583.05,51528.9,51536.6,0,51555,0,-18
694,2024-10-22 14:34:00+05:30,51537.7,51553.15,51517.95,51526.6,0,51535,0,-8
695,2024-10-22 14:35:00+05:30,51526.6,51528.35,51503.25,51509.7,0,51515,0,-5
696,2024-10-22 14:36:00+05:30,51510.3,51521.9,51501.65,51512.65,0,51511,1,1
697,2024-10-22 14:37:00+05:30,51511.55,51522.5,51501.5,51508.15,0,51512,0,-3
698,2024-10-22 14:38:00+05:30,51510.75,51562.4,51478.2,51562.4,0,51520,1,42
699,2024-10-22 14:39:00+05:30,51562.95,51569.25,51513.6,51527.65,0,51541,0,-13
700,2024-10-22 14:40:00+05:30,51528.0,51586.2,51523.05,51580.45,0,51554,1,26
701,2024-10-22 14:41:00+05:30,51582.1,51595.9,51558.6,51558.6,0,51577,0,-18
702,2024-10-22 14:42:00+05:30,51557.85,51584.35,51545.45,51576.1,0,51564,1,12
703,2024-10-22 14:43:00+05:30,51578.8,51583.25,51563.6,51575.25,0,51573,1,2
704,2024-10-22 14:44:00+05:30,51577.7,51591.2,51548.35,51559.35,0,51569,0,-9
705,2024-10-22 14:45:00+05:30,51557.15,51564.4,51532.6,51534.2,0,51548,0,-13
706,2024-10-22 14:46:00+05:30,51535.75,51543.8,51524.1,51533.6,0,51533,1,0
707,2024-10-22 14:47:00+05:30,51534.8,51550.25,51522.15,51547.65,0,51536,1,11
708,2024-10-22 14:48:00+05:30,51548.2,51563.8,51534.6,51560.85,0,51549,1,11
709,2024-10-22 14:49:00+05:30,51562.55,51581.4,51548.15,51558.55,0,51564,0,-5
710,2024-10-22 14:50:00+05:30,51558.65,51574.2,51540.8,51574.2,0,51557,1,17
711,2024-10-22 14:51:00+05:30,51570.55,51575.75,51534.6,51534.75,0,51555,0,-20
712,2024-10-22 14:52:00+05:30,51536.1,51544.2,51521.35,51535.8,0,51532,1,3
713,2024-10-22 14:53:00+05:30,51537.2,51537.2,51494.9,51507.6,0,51516,0,-8
714,2024-10-22 14:54:00+05:30,51509.1,51515.8,51477.3,51477.3,0,51496,0,-18
715,2024-10-22 14:55:00+05:30,51480.7,51494.15,51429.6,51429.6,0,51461,0,-31
716,2024-10-22 14:56:00+05:30,51429.6,51477.8,51429.6,51466.25,0,51453,1,13
717,2024-10-22 14:57:00+05:30,51468.15,51491.5,51425.75,51426.7,0,51458,0,-31
718,2024-10-22 14:58:00+05:30,51426.4,51460.35,51400.5,51429.5,0,51430,0,0
719,2024-10-22 14:59:00+05:30,51435.3,51448.75,51411.45,51414.1,0,51430,0,-15
720,2024-10-22 15:00:00+05:30,51415.8,51415.8,51357.15,51363.7,0,51386,0,-22
721,2024-10-22 15:01:00+05:30,51369.4,51369.4,51278.05,51324.25,0,51323,1,1
722,2024-10-22 15:02:00+05:30,51319.9,51320.9,51228.1,51284.85,0,51274,1,10
723,2024-10-22 15:03:00+05:30,51282.55,51300.3,51227.7,51242.55,0,51264,0,-21
724,2024-10-22 15:04:00+05:30,51250.15,51294.55,51244.7,51259.15,0,51269,0,-9
725,2024-10-22 15:05:00+05:30,51259.15,51302.2,51256.4,51270.2,0,51279,0,-8
726,2024-10-22 15:06:00+05:30,51278.25,51284.45,51247.3,51261.15,0,51265,0,-3
727,2024-10-22 15:07:00+05:30,51259.85,51291.15,51255.45,51266.3,0,51273,0,-6
728,2024-10-22 15:08:00+05:30,51266.15,51280.65,51225.4,51230.65,0,51253,0,-22
729,2024-10-22 15:09:00+05:30,51229.25,51255.15,51197.0,51245.5,0,51226,1,19
730,2024-10-22 15:10:00+05:30,51247.95,51252.8,51219.55,51236.25,0,51236,1,0
731,2024-10-22 15:11:00+05:30,51235.6,51242.4,51221.95,51225.1,0,51232,0,-6
732,2024-10-22 15:12:00+05:30,51222.15,51228.6,51184.9,51189.35,0,51206,0,-16
733,2024-10-22 15:13:00+05:30,51191.25,51208.3,51179.6,51207.35,0,51193,1,14
734,2024-10-22 15:14:00+05:30,51208.3,51242.35,51207.35,51239.75,0,51224,1,15
735,2024-10-22 15:15:00+05:30,51237.9,51273.6,51230.1,51260.3,0,51251,1,9
736,2024-10-22 15:16:00+05:30,51259.85,51261.35,51189.85,51223.2,0,51225,0,-1
737,2024-10-22 15:17:00+05:30,51225.45,51260.6,51213.75,51252.9,0,51237,1,15
738,2024-10-22 15:18:00+05:30,51254.15,51254.3,51206.95,51227.75,0,51230,0,-2
739,2024-10-22 15:19:00+05:30,51232.65,51253.95,51232.55,51247.15,0,51243,1,4
740,2024-10-22 15:20:00+05:30,51248.4,51264.9,51246.0,51263.45,0,51255,1,8
741,2024-10-22 15:21:00+05:30,51266.2,51286.75,51264.7,51278.35,0,51275,1,3
742,2024-10-22 15:22:00+05:30,51278.55,51279.05,51258.1,51273.35,0,51268,1,5
743,2024-10-22 15:23:00+05:30,51275.45,51298.3,51271.7,51290.5,0,51285,1,5
744,2024-10-22 15:24:00+05:30,51290.1,51295.65,51276.6,51293.4,0,51286,1,7
745,2024-10-22 15:25:00+05:30,51292.1,51294.65,51276.75,51289.25,0,51285,1,4
746,2024-10-22 15:26:00+05:30,51291.25,51292.6,51278.8,51288.85,0,51285,1,3
747,2024-10-22 15:27:00+05:30,51287.2,51309.3,51278.6,51283.15,0,51293,0,-9
748,2024-10-22 15:28:00+05:30,51283.75,51294.55,51257.3,51257.3,0,51275,0,-17
749,2024-10-22 15:29:00+05:30,51273.6,51312.15,51253.6,51271.6,0,51282,0,-10
