date,close,trade_value
2024-09-20 09:15:00+05:30,53188.05,0.0
2024-09-20 09:16:00+05:30,53166.7,0.0
2024-09-20 09:17:00+05:30,53154.15,0.0
2024-09-20 09:18:00+05:30,53128.1,0.0
2024-09-20 09:19:00+05:30,53104.55,0.0
2024-09-20 09:20:00+05:30,53068.65,0.0
2024-09-20 09:21:00+05:30,53118.85,53118.85
2024-09-20 09:22:00+05:30,53145.35,0.0
2024-09-20 09:23:00+05:30,53125.7,0.0
2024-09-20 09:24:00+05:30,53079.2,-39.650000000001455
2024-09-20 09:25:00+05:30,53077.3,53077.3
2024-09-20 09:26:00+05:30,53118.15,0.0
2024-09-20 09:27:00+05:30,53097.1,19.799999999995634
2024-09-20 09:28:00+05:30,53049.45,0.0
2024-09-20 09:29:00+05:30,53095.6,53095.6
2024-09-20 09:30:00+05:30,53092.25,-3.349999999998545
2024-09-20 09:31:00+05:30,53119.4,53119.4
2024-09-20 09:32:00+05:30,53132.1,12.69999999999709
2024-09-20 09:33:00+05:30,53149.25,53149.25
2024-09-20 09:34:00+05:30,53122.15,-27.099999999998545
2024-09-20 09:35:00+05:30,53134.4,53134.4
2024-09-20 09:36:00+05:30,53052.5,-81.90000000000146
2024-09-20 09:37:00+05:30,53116.45,53116.45
2024-09-20 09:38:00+05:30,53118.0,0.0
2024-09-20 09:39:00+05:30,53094.35,-22.099999999998545
2024-09-20 09:40:00+05:30,53125.35,53125.35
2024-09-20 09:41:00+05:30,53120.6,-4.75
2024-09-20 09:42:00+05:30,53103.3,0.0
2024-09-20 09:43:00+05:30,53090.9,0.0
2024-09-20 09:44:00+05:30,53103.05,53103.05
2024-09-20 09:45:00+05:30,53079.45,-23.60000000000582
2024-09-20 09:46:00+05:30,53081.3,53081.3
2024-09-20 09:47:00+05:30,53081.45,0.14999999999417923
2024-09-20 09:48:00+05:30,53122.6,53122.6
2024-09-20 09:49:00+05:30,53136.0,13.400000000001455
2024-09-20 09:50:00+05:30,53182.3,53182.3
2024-09-20 09:51:00+05:30,53224.6,0.0
2024-09-20 09:52:00+05:30,53231.7,0.0
2024-09-20 09:53:00+05:30,53201.65,19.349999999998545
2024-09-20 09:54:00+05:30,53216.8,53216.8
2024-09-20 09:55:00+05:30,53272.25,0.0
2024-09-20 09:56:00+05:30,53311.75,0.0
2024-09-20 09:57:00+05:30,53312.8,96.0
2024-09-20 09:58:00+05:30,53335.5,53335.5
2024-09-20 09:59:00+05:30,53329.45,-6.05000000000291
2024-09-20 10:00:00+05:30,53397.15,53397.15
2024-09-20 10:01:00+05:30,53355.4,-41.75
2024-09-20 10:02:00+05:30,53336.95,0.0
2024-09-20 10:03:00+05:30,53389.5,53389.5
2024-09-20 10:04:00+05:30,53366.95,-22.55000000000291
2024-09-20 10:05:00+05:30,53349.45,0.0
2024-09-20 10:06:00+05:30,53372.35,53372.35
2024-09-20 10:07:00+05:30,53376.65,0.0
2024-09-20 10:08:00+05:30,53371.1,-1.25
2024-09-20 10:09:00+05:30,53382.85,53382.85
2024-09-20 10:10:00+05:30,53412.85,0.0
2024-09-20 10:11:00+05:30,53390.15,7.30000000000291
2024-09-20 10:12:00+05:30,53376.4,0.0
2024-09-20 10:13:00+05:30,53363.9,53363.9
2024-09-20 10:14:00+05:30,53348.2,-15.700000000004366
2024-09-20 10:15:00+05:30,53325.6,0.0
2024-09-20 10:16:00+05:30,53337.65,53337.65
2024-09-20 10:17:00+05:30,53369.7,0.0
2024-09-20 10:18:00+05:30,53342.25,4.599999999998545
2024-09-20 10:19:00+05:30,53310.0,0.0
2024-09-20 10:20:00+05:30,53316.85,53316.85
2024-09-20 10:21:00+05:30,53332.5,0.0
2024-09-20 10:22:00+05:30,53324.75,7.900000000001455
2024-09-20 10:23:00+05:30,53310.0,0.0
2024-09-20 10:24:00+05:30,53315.9,0.0
2024-09-20 10:25:00+05:30,53328.1,0.0
2024-09-20 10:26:00+05:30,53348.7,53348.7
2024-09-20 10:27:00+05:30,53350.15,0.0
2024-09-20 10:28:00+05:30,53365.7,0.0
2024-09-20 10:29:00+05:30,53368.05,0.0
2024-09-20 10:30:00+05:30,53376.65,0.0
2024-09-20 10:31:00+05:30,53387.65,0.0
2024-09-20 10:32:00+05:30,53399.75,0.0
2024-09-20 10:33:00+05:30,53396.9,48.200000000004366
2024-09-20 10:34:00+05:30,53418.3,53418.3
2024-09-20 10:35:00+05:30,53423.7,0.0
2024-09-20 10:36:00+05:30,53482.75,0.0
2024-09-20 10:37:00+05:30,53482.75,64.44999999999709
2024-09-20 10:38:00+05:30,53496.8,53496.8
2024-09-20 10:39:00+05:30,53502.7,5.899999999994179
2024-09-20 10:40:00+05:30,53521.0,53521.0
2024-09-20 10:41:00+05:30,53501.55,-19.44999999999709
2024-09-20 10:42:00+05:30,53486.25,0.0
2024-09-20 10:43:00+05:30,53510.15,53510.15
2024-09-20 10:44:00+05:30,53520.55,0.0
2024-09-20 10:45:00+05:30,53516.75,6.599999999998545
2024-09-20 10:46:00+05:30,53500.25,0.0
2024-09-20 10:47:00+05:30,53513.85,53513.85
2024-09-20 10:48:00+05:30,53524.7,0.0
2024-09-20 10:49:00+05:30,53530.05,0.0
2024-09-20 10:50:00+05:30,53526.25,0.0
2024-09-20 10:51:00+05:30,53528.35,14.5
2024-09-20 10:52:00+05:30,53525.55,53525.55
2024-09-20 10:53:00+05:30,53524.55,-1.0
2024-09-20 10:54:00+05:30,53532.6,53532.6
2024-09-20 10:55:00+05:30,53544.35,0.0
2024-09-20 10:56:00+05:30,53525.65,-6.94999999999709
2024-09-20 10:57:00+05:30,53525.95,53525.95
2024-09-20 10:58:00+05:30,53532.95,0.0
2024-09-20 10:59:00+05:30,53501.1,-24.849999999998545
2024-09-20 11:00:00+05:30,53484.7,53484.7
2024-09-20 11:01:00+05:30,53469.75,-14.94999999999709
2024-09-20 11:02:00+05:30,53451.05,0.0
2024-09-20 11:03:00+05:30,53466.0,53466.0
2024-09-20 11:04:00+05:30,53474.3,0.0
2024-09-20 11:05:00+05:30,53442.75,-23.25
2024-09-20 11:06:00+05:30,53452.5,53452.5
2024-09-20 11:07:00+05:30,53470.4,0.0
2024-09-20 11:08:00+05:30,53478.95,0.0
2024-09-20 11:09:00+05:30,53466.75,14.25
2024-09-20 11:10:00+05:30,53479.85,53479.85
2024-09-20 11:11:00+05:30,53508.15,0.0
2024-09-20 11:12:00+05:30,53526.3,0.0
2024-09-20 11:13:00+05:30,53536.75,0.0
2024-09-20 11:14:00+05:30,53535.45,0.0
2024-09-20 11:15:00+05:30,53535.1,55.25
2024-09-20 11:16:00+05:30,53516.45,0.0
2024-09-20 11:17:00+05:30,53506.15,0.0
2024-09-20 11:18:00+05:30,53527.55,53527.55
2024-09-20 11:19:00+05:30,53516.0,-11.55000000000291
2024-09-20 11:20:00+05:30,53508.6,0.0
2024-09-20 11:21:00+05:30,53504.55,0.0
2024-09-20 11:22:00+05:30,53497.1,53497.1
2024-09-20 11:23:00+05:30,53496.35,-0.75
2024-09-20 11:24:00+05:30,53484.2,0.0
2024-09-20 11:25:00+05:30,53499.75,53499.75
2024-09-20 11:26:00+05:30,53488.95,-10.80000000000291
2024-09-20 11:27:00+05:30,53501.75,53501.75
2024-09-20 11:28:00+05:30,53489.15,-12.599999999998545
2024-09-20 11:29:00+05:30,53491.0,53491.0
2024-09-20 11:30:00+05:30,53513.25,0.0
2024-09-20 11:31:00+05:30,53522.0,0.0
2024-09-20 11:32:00+05:30,53525.25,0.0
2024-09-20 11:33:00+05:30,53512.8,21.80000000000291
2024-09-20 11:34:00+05:30,53495.4,0.0
2024-09-20 11:35:00+05:30,53489.6,53489.6
2024-09-20 11:36:00+05:30,53480.05,-9.549999999995634
2024-09-20 11:37:00+05:30,53470.9,53470.9
2024-09-20 11:38:00+05:30,53453.95,-16.950000000004366
2024-09-20 11:39:00+05:30,53465.45,53465.45
2024-09-20 11:40:00+05:30,53492.1,0.0
2024-09-20 11:41:00+05:30,53499.0,0.0
2024-09-20 11:42:00+05:30,53498.9,33.450000000004366
2024-09-20 11:43:00+05:30,53489.45,0.0
2024-09-20 11:44:00+05:30,53485.45,0.0
2024-09-20 11:45:00+05:30,53467.95,0.0
2024-09-20 11:46:00+05:30,53489.85,53489.85
2024-09-20 11:47:00+05:30,53508.55,0.0
2024-09-20 11:48:00+05:30,53523.5,0.0
2024-09-20 11:49:00+05:30,53512.85,23.0
2024-09-20 11:50:00+05:30,53525.9,53525.9
2024-09-20 11:51:00+05:30,53513.9,-12.0
2024-09-20 11:52:00+05:30,53491.6,0.0
2024-09-20 11:53:00+05:30,53482.7,0.0
2024-09-20 11:54:00+05:30,53507.1,53507.1
2024-09-20 11:55:00+05:30,53507.4,0.0
2024-09-20 11:56:00+05:30,53492.7,-14.400000000001455
2024-09-20 11:57:00+05:30,53492.0,0.0
2024-09-20 11:58:00+05:30,53504.45,53504.45
2024-09-20 11:59:00+05:30,53500.3,-4.149999999994179
2024-09-20 12:00:00+05:30,53504.25,53504.25
2024-09-20 12:01:00+05:30,53528.05,0.0
2024-09-20 12:02:00+05:30,53513.65,9.400000000001455
2024-09-20 12:03:00+05:30,53516.85,0.0
2024-09-20 12:04:00+05:30,53552.7,53552.7
2024-09-20 12:05:00+05:30,53543.9,-8.799999999995634
2024-09-20 12:06:00+05:30,53576.4,53576.4
2024-09-20 12:07:00+05:30,53584.0,7.599999999998545
2024-09-20 12:08:00+05:30,53615.15,53615.15
2024-09-20 12:09:00+05:30,53600.45,-14.700000000004366
2024-09-20 12:10:00+05:30,53625.4,53625.4
2024-09-20 12:11:00+05:30,53600.65,-24.75
2024-09-20 12:12:00+05:30,53587.5,0.0
2024-09-20 12:13:00+05:30,53590.15,53590.15
2024-09-20 12:14:00+05:30,53598.0,7.849999999998545
2024-09-20 12:15:00+05:30,53601.0,53601.0
2024-09-20 12:16:00+05:30,53595.95,-5.05000000000291
2024-09-20 12:17:00+05:30,53602.6,53602.6
2024-09-20 12:18:00+05:30,53596.5,0.0
2024-09-20 12:19:00+05:30,53584.25,-18.349999999998545
2024-09-20 12:20:00+05:30,53596.65,53596.65
2024-09-20 12:21:00+05:30,53598.05,0.0
2024-09-20 12:22:00+05:30,53626.15,0.0
2024-09-20 12:23:00+05:30,53610.3,13.650000000001455
2024-09-20 12:24:00+05:30,53584.0,0.0
2024-09-20 12:25:00+05:30,53597.15,53597.15
2024-09-20 12:26:00+05:30,53557.15,-40.0
2024-09-20 12:27:00+05:30,53557.0,0.0
2024-09-20 12:28:00+05:30,53580.55,53580.55
2024-09-20 12:29:00+05:30,53578.9,-1.6500000000014552
2024-09-20 12:30:00+05:30,53558.45,0.0
2024-09-20 12:31:00+05:30,53562.0,53562.0
2024-09-20 12:32:00+05:30,53562.0,0.0
2024-09-20 12:33:00+05:30,53576.45,53576.45
2024-09-20 12:34:00+05:30,53578.35,0.0
2024-09-20 12:35:00+05:30,53590.3,0.0
2024-09-20 12:36:00+05:30,53599.55,23.10000000000582
2024-09-20 12:37:00+05:30,53594.35,53594.35
2024-09-20 12:38:00+05:30,53581.1,-13.25
2024-09-20 12:39:00+05:30,53568.5,0.0
2024-09-20 12:40:00+05:30,53576.35,53576.35
2024-09-20 12:41:00+05:30,53573.35,0.0
2024-09-20 12:42:00+05:30,53590.4,0.0
2024-09-20 12:43:00+05:30,53597.9,0.0
2024-09-20 12:44:00+05:30,53598.25,21.900000000001455
2024-09-20 12:45:00+05:30,53593.3,0.0
2024-09-20 12:46:00+05:30,53649.6,53649.6
2024-09-20 12:47:00+05:30,53677.55,0.0
2024-09-20 12:48:00+05:30,53677.8,0.0
2024-09-20 12:49:00+05:30,53703.3,0.0
2024-09-20 12:50:00+05:30,53669.0,19.400000000001455
2024-09-20 12:51:00+05:30,53670.75,53670.75
2024-09-20 12:52:00+05:30,53678.1,7.349999999998545
2024-09-20 12:53:00+05:30,53691.45,53691.45
2024-09-20 12:54:00+05:30,53676.4,-15.049999999995634
2024-09-20 12:55:00+05:30,53666.55,0.0
2024-09-20 12:56:00+05:30,53645.65,0.0
2024-09-20 12:57:00+05:30,53649.4,53649.4
2024-09-20 12:58:00+05:30,53656.15,6.75
2024-09-20 12:59:00+05:30,53653.4,0.0
2024-09-20 13:00:00+05:30,53675.35,53675.35
2024-09-20 13:01:00+05:30,53641.25,-34.099999999998545
2024-09-20 13:02:00+05:30,53643.0,53643.0
2024-09-20 13:03:00+05:30,53659.2,0.0
2024-09-20 13:04:00+05:30,53623.8,-19.19999999999709
2024-09-20 13:05:00+05:30,53598.2,0.0
2024-09-20 13:06:00+05:30,53625.85,53625.85
2024-09-20 13:07:00+05:30,53646.25,0.0
2024-09-20 13:08:00+05:30,53641.25,0.0
2024-09-20 13:09:00+05:30,53638.05,12.200000000004366
2024-09-20 13:10:00+05:30,53650.45,53650.45
2024-09-20 13:11:00+05:30,53638.55,-11.89999999999418
2024-09-20 13:12:00+05:30,53654.1,53654.1
2024-09-20 13:13:00+05:30,53650.15,-3.9499999999970896
2024-09-20 13:14:00+05:30,53649.1,53649.1
2024-09-20 13:15:00+05:30,53645.05,-4.049999999995634
2024-09-20 13:16:00+05:30,53646.75,0.0
2024-09-20 13:17:00+05:30,53643.9,0.0
2024-09-20 13:18:00+05:30,53649.1,53649.1
2024-09-20 13:19:00+05:30,53654.15,0.0
2024-09-20 13:20:00+05:30,53648.85,-0.25
2024-09-20 13:21:00+05:30,53622.05,0.0
2024-09-20 13:22:00+05:30,53676.6,53676.6
2024-09-20 13:23:00+05:30,53640.55,-36.049999999995634
2024-09-20 13:24:00+05:30,53646.6,53646.6
2024-09-20 13:25:00+05:30,53646.6,0.0
2024-09-20 13:26:00+05:30,53659.3,0.0
2024-09-20 13:27:00+05:30,53638.1,-8.5
2024-09-20 13:28:00+05:30,53627.55,0.0
2024-09-20 13:29:00+05:30,53617.4,0.0
2024-09-20 13:30:00+05:30,53483.1,0.0
2024-09-20 13:31:00+05:30,53424.3,0.0
2024-09-20 13:32:00+05:30,53471.4,53471.4
2024-09-20 13:33:00+05:30,53433.3,-38.099999999998545
2024-09-20 13:34:00+05:30,53342.7,0.0
2024-09-20 13:35:00+05:30,53307.0,0.0
2024-09-20 13:36:00+05:30,53213.6,0.0
2024-09-20 13:37:00+05:30,53121.9,0.0
2024-09-20 13:38:00+05:30,53214.4,53214.4
2024-09-20 13:39:00+05:30,53256.3,0.0
2024-09-20 13:40:00+05:30,53276.1,0.0
2024-09-20 13:41:00+05:30,53369.45,0.0
2024-09-20 13:42:00+05:30,53272.6,58.19999999999709
2024-09-20 13:43:00+05:30,53225.85,0.0
2024-09-20 13:44:00+05:30,53235.15,0.0
2024-09-20 13:45:00+05:30,53271.15,53271.15
2024-09-20 13:46:00+05:30,53259.6,-11.55000000000291
2024-09-20 13:47:00+05:30,53255.95,0.0
2024-09-20 13:48:00+05:30,53271.7,53271.7
2024-09-20 13:49:00+05:30,53430.75,0.0
2024-09-20 13:50:00+05:30,53362.15,90.45000000000437
2024-09-20 13:51:00+05:30,53416.0,53416.0
2024-09-20 13:52:00+05:30,53443.8,0.0
2024-09-20 13:53:00+05:30,53443.25,0.0
2024-09-20 13:54:00+05:30,53485.9,0.0
2024-09-20 13:55:00+05:30,53509.45,0.0
2024-09-20 13:56:00+05:30,53441.05,25.05000000000291
2024-09-20 13:57:00+05:30,53444.85,0.0
2024-09-20 13:58:00+05:30,53385.1,0.0
2024-09-20 13:59:00+05:30,53403.0,53403.0
2024-09-20 14:00:00+05:30,53334.35,-68.65000000000146
2024-09-20 14:01:00+05:30,53390.65,53390.65
2024-09-20 14:02:00+05:30,53460.55,0.0
2024-09-20 14:03:00+05:30,53400.05,9.400000000001455
2024-09-20 14:04:00+05:30,53399.4,53399.4
2024-09-20 14:05:00+05:30,53386.0,-13.400000000001455
2024-09-20 14:06:00+05:30,53371.85,0.0
2024-09-20 14:07:00+05:30,53366.9,0.0
2024-09-20 14:08:00+05:30,53375.4,53375.4
2024-09-20 14:09:00+05:30,53416.1,0.0
2024-09-20 14:10:00+05:30,53376.2,0.7999999999956344
2024-09-20 14:11:00+05:30,53387.65,53387.65
2024-09-20 14:12:00+05:30,53399.05,0.0
2024-09-20 14:13:00+05:30,53420.65,0.0
2024-09-20 14:14:00+05:30,53410.2,22.549999999995634
2024-09-20 14:15:00+05:30,53440.05,53440.05
2024-09-20 14:16:00+05:30,53489.45,0.0
2024-09-20 14:17:00+05:30,53471.9,31.849999999998545
2024-09-20 14:18:00+05:30,53444.95,0.0
2024-09-20 14:19:00+05:30,53447.75,53447.75
2024-09-20 14:20:00+05:30,53466.4,0.0
2024-09-20 14:21:00+05:30,53477.7,29.94999999999709
2024-09-20 14:22:00+05:30,53446.6,0.0
2024-09-20 14:23:00+05:30,53438.85,0.0
2024-09-20 14:24:00+05:30,53267.45,0.0
2024-09-20 14:25:00+05:30,53441.2,53441.2
2024-09-20 14:26:00+05:30,53402.35,-38.849999999998545
2024-09-20 14:27:00+05:30,53371.75,0.0
2024-09-20 14:28:00+05:30,53337.25,0.0
2024-09-20 14:29:00+05:30,53341.1,0.0
2024-09-20 14:30:00+05:30,53344.7,0.0
2024-09-20 14:31:00+05:30,53384.1,53384.1
2024-09-20 14:32:00+05:30,53394.35,0.0
2024-09-20 14:33:00+05:30,53391.45,7.349999999998545
2024-09-20 14:34:00+05:30,53388.05,53388.05
2024-09-20 14:35:00+05:30,53403.05,0.0
2024-09-20 14:36:00+05:30,53408.35,20.299999999995634
2024-09-20 14:37:00+05:30,53384.4,0.0
2024-09-20 14:38:00+05:30,53412.9,53412.9
2024-09-20 14:39:00+05:30,53392.4,-20.5
2024-09-20 14:40:00+05:30,53376.45,0.0
2024-09-20 14:41:00+05:30,53358.1,0.0
2024-09-20 14:42:00+05:30,53378.95,53378.95
2024-09-20 14:43:00+05:30,53367.45,-11.5
2024-09-20 14:44:00+05:30,53310.15,0.0
2024-09-20 14:45:00+05:30,53340.25,53340.25
2024-09-20 14:46:00+05:30,53362.65,0.0
2024-09-20 14:47:00+05:30,53391.25,0.0
2024-09-20 14:48:00+05:30,53405.8,0.0
2024-09-20 14:49:00+05:30,53433.9,0.0
2024-09-20 14:50:00+05:30,53476.4,0.0
2024-09-20 14:51:00+05:30,53511.45,0.0
2024-09-20 14:52:00+05:30,53527.8,0.0
2024-09-20 14:53:00+05:30,53498.5,158.25
2024-09-20 14:54:00+05:30,53503.85,53503.85
2024-09-20 14:55:00+05:30,53475.4,-28.44999999999709
2024-09-20 14:56:00+05:30,53425.25,0.0
2024-09-20 14:57:00+05:30,53455.05,53455.05
2024-09-20 14:58:00+05:30,53402.75,-52.30000000000291
2024-09-20 14:59:00+05:30,53376.75,0.0
2024-09-20 15:00:00+05:30,53480.65,53480.65
2024-09-20 15:01:00+05:30,53565.75,0.0
2024-09-20 15:02:00+05:30,53573.4,0.0
2024-09-20 15:03:00+05:30,53592.0,0.0
2024-09-20 15:04:00+05:30,53624.85,0.0
2024-09-20 15:05:00+05:30,53642.25,0.0
2024-09-20 15:06:00+05:30,53693.05,0.0
2024-09-20 15:07:00+05:30,53747.05,0.0
2024-09-20 15:08:00+05:30,53754.1,273.4499999999971
2024-09-20 15:09:00+05:30,53781.05,53781.05
2024-09-20 15:10:00+05:30,53795.65,14.599999999998545
2024-09-20 15:11:00+05:30,53763.15,0.0
2024-09-20 15:12:00+05:30,53798.25,53798.25
2024-09-20 15:13:00+05:30,53806.95,0.0
2024-09-20 15:14:00+05:30,53826.8,0.0
2024-09-20 15:15:00+05:30,53842.5,0.0
2024-09-20 15:16:00+05:30,53837.55,0.0
2024-09-20 15:17:00+05:30,53823.35,25.099999999998545
2024-09-20 15:18:00+05:30,53840.7,53840.7
2024-09-20 15:19:00+05:30,53818.5,-22.19999999999709
2024-09-20 15:20:00+05:30,53834.5,53834.5
2024-09-20 15:21:00+05:30,53809.5,-25.0
2024-09-20 15:22:00+05:30,53813.2,53813.2
2024-09-20 15:23:00+05:30,53933.2,0.0
2024-09-20 15:24:00+05:30,54002.05,0.0
2024-09-20 15:25:00+05:30,53932.5,119.30000000000291
2024-09-20 15:26:00+05:30,53920.85,53920.85
2024-09-20 15:27:00+05:30,53912.7,0.0
2024-09-20 15:28:00+05:30,53962.25,41.400000000001455
2024-09-20 15:29:00+05:30,53937.15,0.0
2024-09-23 09:15:00+05:30,53780.75,0.0
2024-09-23 09:16:00+05:30,53851.85,53851.85
2024-09-23 09:17:00+05:30,53831.3,-20.549999999995634
2024-09-23 09:18:00+05:30,53834.95,0.0
2024-09-23 09:19:00+05:30,53831.5,53831.5
2024-09-23 09:20:00+05:30,53861.85,0.0
2024-09-23 09:21:00+05:30,53841.65,10.150000000001455
2024-09-23 09:22:00+05:30,53836.2,53836.2
2024-09-23 09:23:00+05:30,53851.6,0.0
2024-09-23 09:24:00+05:30,53816.75,-19.44999999999709
2024-09-23 09:25:00+05:30,53819.75,53819.75
2024-09-23 09:26:00+05:30,53857.9,0.0
2024-09-23 09:27:00+05:30,53865.2,0.0
2024-09-23 09:28:00+05:30,53828.9,9.150000000001455
2024-09-23 09:29:00+05:30,53845.6,0.0
2024-09-23 09:30:00+05:30,53877.15,53877.15
2024-09-23 09:31:00+05:30,53948.95,0.0
2024-09-23 09:32:00+05:30,53949.1,0.0
2024-09-23 09:33:00+05:30,53931.95,54.799999999995634
2024-09-23 09:34:00+05:30,53928.05,0.0
2024-09-23 09:35:00+05:30,53871.2,0.0
2024-09-23 09:36:00+05:30,53859.05,0.0
2024-09-23 09:37:00+05:30,53857.15,53857.15
2024-09-23 09:38:00+05:30,53904.25,0.0
2024-09-23 09:39:00+05:30,53885.1,27.94999999999709
2024-09-23 09:40:00+05:30,53855.8,0.0
2024-09-23 09:41:00+05:30,53844.25,0.0
2024-09-23 09:42:00+05:30,53854.1,53854.1
2024-09-23 09:43:00+05:30,53871.3,0.0
2024-09-23 09:44:00+05:30,53858.25,4.150000000001455
2024-09-23 09:45:00+05:30,53866.3,53866.3
2024-09-23 09:46:00+05:30,53870.45,4.149999999994179
2024-09-23 09:47:00+05:30,53868.1,0.0
2024-09-23 09:48:00+05:30,53870.2,53870.2
2024-09-23 09:49:00+05:30,53844.0,-26.19999999999709
2024-09-23 09:50:00+05:30,53853.95,53853.95
2024-09-23 09:51:00+05:30,53880.8,0.0
2024-09-23 09:52:00+05:30,53884.6,30.650000000001455
2024-09-23 09:53:00+05:30,53870.85,0.0
2024-09-23 09:54:00+05:30,53886.4,53886.4
2024-09-23 09:55:00+05:30,53880.55,-5.849999999998545
2024-09-23 09:56:00+05:30,53878.2,0.0
2024-09-23 09:57:00+05:30,53895.45,53895.45
2024-09-23 09:58:00+05:30,53896.85,0.0
2024-09-23 09:59:00+05:30,53865.95,-29.5
2024-09-23 10:00:00+05:30,53889.9,53889.9
2024-09-23 10:01:00+05:30,53892.4,2.5
2024-09-23 10:02:00+05:30,53876.15,0.0
2024-09-23 10:03:00+05:30,53868.8,0.0
2024-09-23 10:04:00+05:30,53875.75,53875.75
2024-09-23 10:05:00+05:30,53884.3,0.0
2024-09-23 10:06:00+05:30,53896.4,0.0
2024-09-23 10:07:00+05:30,53894.25,0.0
2024-09-23 10:08:00+05:30,53907.4,0.0
2024-09-23 10:09:00+05:30,53937.3,0.0
2024-09-23 10:10:00+05:30,53913.3,37.55000000000291
2024-09-23 10:11:00+05:30,53929.55,53929.55
2024-09-23 10:12:00+05:30,53971.85,0.0
2024-09-23 10:13:00+05:30,53945.05,15.5
2024-09-23 10:14:00+05:30,53934.35,53934.35
2024-09-23 10:15:00+05:30,53938.45,4.099999999998545
2024-09-23 10:16:00+05:30,53913.0,0.0
2024-09-23 10:17:00+05:30,53918.9,53918.9
2024-09-23 10:18:00+05:30,53919.6,0.6999999999970896
2024-09-23 10:19:00+05:30,53926.75,53926.75
2024-09-23 10:20:00+05:30,53919.15,0.0
2024-09-23 10:21:00+05:30,53894.1,-32.650000000001455
2024-09-23 10:22:00+05:30,53906.9,53906.9
2024-09-23 10:23:00+05:30,53939.35,0.0
2024-09-23 10:24:00+05:30,53928.6,21.69999999999709
2024-09-23 10:25:00+05:30,53930.8,53930.8
2024-09-23 10:26:00+05:30,53930.2,-0.6000000000058208
2024-09-23 10:27:00+05:30,53920.95,0.0
2024-09-23 10:28:00+05:30,53941.7,53941.7
2024-09-23 10:29:00+05:30,53954.55,0.0
2024-09-23 10:30:00+05:30,53955.1,0.0
2024-09-23 10:31:00+05:30,53949.35,7.650000000001455
2024-09-23 10:32:00+05:30,53945.5,53945.5
2024-09-23 10:33:00+05:30,53932.05,-13.44999999999709
2024-09-23 10:34:00+05:30,53945.0,53945.0
2024-09-23 10:35:00+05:30,53939.3,-5.69999999999709
2024-09-23 10:36:00+05:30,53926.5,0.0
2024-09-23 10:37:00+05:30,53931.75,53931.75
2024-09-23 10:38:00+05:30,53918.55,-13.19999999999709
2024-09-23 10:39:00+05:30,53901.5,0.0
2024-09-23 10:40:00+05:30,53898.85,0.0
2024-09-23 10:41:00+05:30,53901.6,0.0
2024-09-23 10:42:00+05:30,53878.7,0.0
2024-09-23 10:43:00+05:30,53900.6,53900.6
2024-09-23 10:44:00+05:30,53915.35,0.0
2024-09-23 10:45:00+05:30,53909.6,9.0
2024-09-23 10:46:00+05:30,53913.85,53913.85
2024-09-23 10:47:00+05:30,53925.9,0.0
2024-09-23 10:48:00+05:30,53921.05,0.0
2024-09-23 10:49:00+05:30,53906.1,-7.75
2024-09-23 10:50:00+05:30,53915.5,53915.5
2024-09-23 10:51:00+05:30,53941.1,0.0
2024-09-23 10:52:00+05:30,53934.5,0.0
2024-09-23 10:53:00+05:30,53945.1,0.0
2024-09-23 10:54:00+05:30,53948.9,0.0
2024-09-23 10:55:00+05:30,53946.7,31.19999999999709
2024-09-23 10:56:00+05:30,53931.9,53931.9
2024-09-23 10:57:00+05:30,53935.55,3.650000000001455
2024-09-23 10:58:00+05:30,53930.25,0.0
2024-09-23 10:59:00+05:30,53948.6,53948.6
2024-09-23 11:00:00+05:30,53957.05,0.0
2024-09-23 11:01:00+05:30,53952.95,0.0
2024-09-23 11:02:00+05:30,53952.7,4.099999999998545
2024-09-23 11:03:00+05:30,53954.5,53954.5
2024-09-23 11:04:00+05:30,53943.65,-10.849999999998545
2024-09-23 11:05:00+05:30,53950.25,53950.25
2024-09-23 11:06:00+05:30,53950.5,0.0
2024-09-23 11:07:00+05:30,53947.35,-2.900000000001455
2024-09-23 11:08:00+05:30,53952.0,53952.0
2024-09-23 11:09:00+05:30,53967.2,0.0
2024-09-23 11:10:00+05:30,53968.25,0.0
2024-09-23 11:11:00+05:30,53946.05,-5.94999999999709
2024-09-23 11:12:00+05:30,53954.2,53954.2
2024-09-23 11:13:00+05:30,53970.15,15.950000000004366
2024-09-23 11:14:00+05:30,53966.5,0.0
2024-09-23 11:15:00+05:30,53968.9,0.0
2024-09-23 11:16:00+05:30,53974.95,0.0
2024-09-23 11:17:00+05:30,53972.65,0.0
2024-09-23 11:18:00+05:30,53984.4,53984.4
2024-09-23 11:19:00+05:30,53982.35,0.0
2024-09-23 11:20:00+05:30,53983.9,-0.5
2024-09-23 11:21:00+05:30,53959.55,0.0
2024-09-23 11:22:00+05:30,53950.4,0.0
2024-09-23 11:23:00+05:30,53957.75,53957.75
2024-09-23 11:24:00+05:30,53972.75,0.0
2024-09-23 11:25:00+05:30,53957.4,-0.3499999999985448
2024-09-23 11:26:00+05:30,53961.05,53961.05
2024-09-23 11:27:00+05:30,53965.65,0.0
2024-09-23 11:28:00+05:30,53956.0,-5.05000000000291
2024-09-23 11:29:00+05:30,53950.15,0.0
2024-09-23 11:30:00+05:30,53948.2,0.0
2024-09-23 11:31:00+05:30,53942.9,53942.9
2024-09-23 11:32:00+05:30,53968.0,0.0
2024-09-23 11:33:00+05:30,53967.9,0.0
2024-09-23 11:34:00+05:30,53963.2,0.0
2024-09-23 11:35:00+05:30,53970.8,0.0
2024-09-23 11:36:00+05:30,53960.05,17.150000000001455
2024-09-23 11:37:00+05:30,53938.8,0.0
2024-09-23 11:38:00+05:30,53956.1,53956.1
2024-09-23 11:39:00+05:30,53979.95,0.0
2024-09-23 11:40:00+05:30,53979.7,0.0
2024-09-23 11:41:00+05:30,53962.7,6.599999999998545
2024-09-23 11:42:00+05:30,53972.9,53972.9
2024-09-23 11:43:00+05:30,53972.3,0.0
2024-09-23 11:44:00+05:30,53963.15,-9.75
2024-09-23 11:45:00+05:30,53957.65,0.0
2024-09-23 11:46:00+05:30,53947.0,0.0
2024-09-23 11:47:00+05:30,53939.4,0.0
2024-09-23 11:48:00+05:30,53906.1,0.0
2024-09-23 11:49:00+05:30,53891.8,0.0
2024-09-23 11:50:00+05:30,53895.95,0.0
2024-09-23 11:51:00+05:30,53913.7,53913.7
2024-09-23 11:52:00+05:30,53922.5,0.0
2024-09-23 11:53:00+05:30,53916.5,2.8000000000029104
2024-09-23 11:54:00+05:30,53915.65,0.0
2024-09-23 11:55:00+05:30,53913.5,0.0
2024-09-23 11:56:00+05:30,53934.55,53934.55
2024-09-23 11:57:00+05:30,53936.25,0.0
2024-09-23 11:58:00+05:30,53924.55,-10.0
2024-09-23 11:59:00+05:30,53939.65,53939.65
2024-09-23 12:00:00+05:30,53937.2,0.0
2024-09-23 12:01:00+05:30,53926.55,-13.099999999998545
2024-09-23 12:02:00+05:30,53943.1,53943.1
2024-09-23 12:03:00+05:30,53945.4,0.0
2024-09-23 12:04:00+05:30,53950.95,0.0
2024-09-23 12:05:00+05:30,53957.5,0.0
2024-09-23 12:06:00+05:30,53972.05,0.0
2024-09-23 12:07:00+05:30,53987.1,0.0
2024-09-23 12:08:00+05:30,53966.15,23.05000000000291
2024-09-23 12:09:00+05:30,53966.3,53966.3
2024-09-23 12:10:00+05:30,53971.1,0.0
2024-09-23 12:11:00+05:30,53968.9,0.0
2024-09-23 12:12:00+05:30,53964.25,0.0
2024-09-23 12:13:00+05:30,53962.75,0.0
2024-09-23 12:14:00+05:30,53954.45,-11.85000000000582
2024-09-23 12:15:00+05:30,53954.85,53954.85
2024-09-23 12:16:00+05:30,53960.95,0.0
2024-09-23 12:17:00+05:30,53962.9,8.05000000000291
2024-09-23 12:18:00+05:30,53977.4,53977.4
2024-09-23 12:19:00+05:30,53966.65,-10.75
2024-09-23 12:20:00+05:30,53966.95,53966.95
2024-09-23 12:21:00+05:30,53955.7,-11.25
2024-09-23 12:22:00+05:30,53954.95,53954.95
2024-09-23 12:23:00+05:30,53946.3,-8.64999999999418
2024-09-23 12:24:00+05:30,53951.15,53951.15
2024-09-23 12:25:00+05:30,53945.35,0.0
2024-09-23 12:26:00+05:30,53947.9,0.0
2024-09-23 12:27:00+05:30,53944.35,-6.80000000000291
2024-09-23 12:28:00+05:30,53939.7,0.0
2024-09-23 12:29:00+05:30,53945.45,0.0
2024-09-23 12:30:00+05:30,53962.1,53962.1
2024-09-23 12:31:00+05:30,53961.5,-0.5999999999985448
2024-09-23 12:32:00+05:30,53950.65,0.0
2024-09-23 12:33:00+05:30,53945.95,0.0
2024-09-23 12:34:00+05:30,53958.0,53958.0
2024-09-23 12:35:00+05:30,53959.45,0.0
2024-09-23 12:36:00+05:30,53961.55,0.0
2024-09-23 12:37:00+05:30,53960.9,2.900000000001455
2024-09-23 12:38:00+05:30,53970.65,53970.65
2024-09-23 12:39:00+05:30,53954.7,-15.950000000004366
2024-09-23 12:40:00+05:30,53972.65,53972.65
2024-09-23 12:41:00+05:30,53969.85,0.0
2024-09-23 12:42:00+05:30,53976.8,0.0
2024-09-23 12:43:00+05:30,53981.6,0.0
2024-09-23 12:44:00+05:30,53976.5,0.0
2024-09-23 12:45:00+05:30,53961.9,-10.75
2024-09-23 12:46:00+05:30,53959.25,0.0
2024-09-23 12:47:00+05:30,53956.0,53956.0
2024-09-23 12:48:00+05:30,53946.5,-9.5
2024-09-23 12:49:00+05:30,53952.05,0.0
2024-09-23 12:50:00+05:30,53962.4,53962.4
2024-09-23 12:51:00+05:30,53960.5,-1.9000000000014552
2024-09-23 12:52:00+05:30,53969.45,53969.45
2024-09-23 12:53:00+05:30,53960.2,-9.25
2024-09-23 12:54:00+05:30,53954.9,0.0
2024-09-23 12:55:00+05:30,53966.35,53966.35
2024-09-23 12:56:00+05:30,53960.05,-6.299999999995634
2024-09-23 12:57:00+05:30,53953.0,0.0
2024-09-23 12:58:00+05:30,53960.55,53960.55
2024-09-23 12:59:00+05:30,53966.3,0.0
2024-09-23 13:00:00+05:30,53969.15,8.599999999998545
2024-09-23 13:01:00+05:30,53981.35,53981.35
2024-09-23 13:02:00+05:30,53986.5,0.0
2024-09-23 13:03:00+05:30,54005.25,0.0
2024-09-23 13:04:00+05:30,53995.05,13.700000000004366
2024-09-23 13:05:00+05:30,53999.6,53999.6
2024-09-23 13:06:00+05:30,54025.35,0.0
2024-09-23 13:07:00+05:30,54008.8,9.200000000004366
2024-09-23 13:08:00+05:30,54028.65,54028.65
2024-09-23 13:09:00+05:30,54034.3,0.0
2024-09-23 13:10:00+05:30,54033.05,4.400000000001455
2024-09-23 13:11:00+05:30,54034.55,54034.55
2024-09-23 13:12:00+05:30,54034.3,-0.25
2024-09-23 13:13:00+05:30,54038.25,54038.25
2024-09-23 13:14:00+05:30,54024.9,0.0
2024-09-23 13:15:00+05:30,54020.4,-17.849999999998545
2024-09-23 13:16:00+05:30,54019.15,54019.15
2024-09-23 13:17:00+05:30,54021.0,1.8499999999985448
2024-09-23 13:18:00+05:30,54036.1,54036.1
2024-09-23 13:19:00+05:30,54037.6,0.0
2024-09-23 13:20:00+05:30,54029.7,-6.400000000001455
2024-09-23 13:21:00+05:30,54038.25,54038.25
2024-09-23 13:22:00+05:30,54043.4,0.0
2024-09-23 13:23:00+05:30,54045.95,0.0
2024-09-23 13:24:00+05:30,54052.95,0.0
2024-09-23 13:25:00+05:30,54050.3,0.0
2024-09-23 13:26:00+05:30,54036.1,-2.150000000001455
2024-09-23 13:27:00+05:30,54036.1,54036.1
2024-09-23 13:28:00+05:30,54038.45,0.0
2024-09-23 13:29:00+05:30,54038.55,2.4500000000043656
2024-09-23 13:30:00+05:30,54061.75,54061.75
2024-09-23 13:31:00+05:30,54061.5,0.0
2024-09-23 13:32:00+05:30,54071.45,0.0
2024-09-23 13:33:00+05:30,54064.2,2.4499999999970896
2024-09-23 13:34:00+05:30,54068.6,54068.6
2024-09-23 13:35:00+05:30,54072.15,3.5500000000029104
2024-09-23 13:36:00+05:30,54086.35,54086.35
2024-09-23 13:37:00+05:30,54066.6,-19.75
2024-09-23 13:38:00+05:30,54065.75,54065.75
2024-09-23 13:39:00+05:30,54046.8,-18.94999999999709
2024-09-23 13:40:00+05:30,54046.9,54046.9
2024-09-23 13:41:00+05:30,54059.2,0.0
2024-09-23 13:42:00+05:30,54057.7,10.799999999995634
2024-09-23 13:43:00+05:30,54048.55,0.0
2024-09-23 13:44:00+05:30,54060.75,54060.75
2024-09-23 13:45:00+05:30,54062.25,0.0
2024-09-23 13:46:00+05:30,54051.5,-9.25
2024-09-23 13:47:00+05:30,54043.1,0.0
2024-09-23 13:48:00+05:30,54041.1,54041.1
2024-09-23 13:49:00+05:30,54044.3,0.0
2024-09-23 13:50:00+05:30,54036.6,-4.5
2024-09-23 13:51:00+05:30,54033.6,0.0
2024-09-23 13:52:00+05:30,54044.65,54044.65
2024-09-23 13:53:00+05:30,54060.05,0.0
2024-09-23 13:54:00+05:30,54059.5,0.0
2024-09-23 13:55:00+05:30,54045.9,1.25
2024-09-23 13:56:00+05:30,54042.9,0.0
2024-09-23 13:57:00+05:30,54052.55,54052.55
2024-09-23 13:58:00+05:30,54056.85,0.0
2024-09-23 13:59:00+05:30,54050.25,-2.3000000000029104
2024-09-23 14:00:00+05:30,54080.65,54080.65
2024-09-23 14:01:00+05:30,54084.6,0.0
2024-09-23 14:02:00+05:30,54071.3,-9.349999999998545
2024-09-23 14:03:00+05:30,54079.75,54079.75
2024-09-23 14:04:00+05:30,54083.1,0.0
2024-09-23 14:05:00+05:30,54086.35,0.0
2024-09-23 14:06:00+05:30,54076.75,-3.0
2024-09-23 14:07:00+05:30,54074.0,0.0
2024-09-23 14:08:00+05:30,54083.05,54083.05
2024-09-23 14:09:00+05:30,54084.25,1.1999999999970896
2024-09-23 14:10:00+05:30,54075.75,0.0
2024-09-23 14:11:00+05:30,54073.1,0.0
2024-09-23 14:12:00+05:30,54069.7,54069.7
2024-09-23 14:13:00+05:30,54073.3,0.0
2024-09-23 14:14:00+05:30,54075.65,5.950000000004366
2024-09-23 14:15:00+05:30,54075.25,0.0
2024-09-23 14:16:00+05:30,54092.3,54092.3
2024-09-23 14:17:00+05:30,54126.55,0.0
2024-09-23 14:18:00+05:30,54140.8,0.0
2024-09-23 14:19:00+05:30,54133.15,40.849999999998545
2024-09-23 14:20:00+05:30,54141.5,0.0
2024-09-23 14:21:00+05:30,54148.6,54148.6
2024-09-23 14:22:00+05:30,54167.7,0.0
2024-09-23 14:23:00+05:30,54179.75,31.150000000001455
2024-09-23 14:24:00+05:30,54174.95,54174.95
2024-09-23 14:25:00+05:30,54182.65,0.0
2024-09-23 14:26:00+05:30,54165.1,-9.849999999998545
2024-09-23 14:27:00+05:30,54171.1,0.0
2024-09-23 14:28:00+05:30,54176.25,0.0
2024-09-23 14:29:00+05:30,54144.3,0.0
2024-09-23 14:30:00+05:30,54143.95,0.0
2024-09-23 14:31:00+05:30,54135.05,0.0
2024-09-23 14:32:00+05:30,54121.75,54121.75
2024-09-23 14:33:00+05:30,54110.2,-11.55000000000291
2024-09-23 14:34:00+05:30,54129.75,54129.75
2024-09-23 14:35:00+05:30,54144.9,0.0
2024-09-23 14:36:00+05:30,54121.15,-8.599999999998545
2024-09-23 14:37:00+05:30,54153.85,54153.85
2024-09-23 14:38:00+05:30,54143.2,-10.650000000001455
2024-09-23 14:39:00+05:30,54147.6,54147.6
2024-09-23 14:40:00+05:30,54147.1,-0.5
2024-09-23 14:41:00+05:30,54153.7,54153.7
2024-09-23 14:42:00+05:30,54154.45,0.0
2024-09-23 14:43:00+05:30,54145.85,-7.849999999998545
2024-09-23 14:44:00+05:30,54151.8,54151.8
2024-09-23 14:45:00+05:30,54160.35,0.0
2024-09-23 14:46:00+05:30,54169.1,0.0
2024-09-23 14:47:00+05:30,54180.4,0.0
2024-09-23 14:48:00+05:30,54176.1,24.299999999995634
2024-09-23 14:49:00+05:30,54186.25,54186.25
2024-09-23 14:50:00+05:30,54175.05,-11.19999999999709
2024-09-23 14:51:00+05:30,54177.7,54177.7
2024-09-23 14:52:00+05:30,54176.0,0.0
2024-09-23 14:53:00+05:30,54157.25,-20.44999999999709
2024-09-23 14:54:00+05:30,54149.1,54149.1
2024-09-23 14:55:00+05:30,54143.85,0.0
2024-09-23 14:56:00+05:30,54145.25,0.0
2024-09-23 14:57:00+05:30,54129.6,-19.5
2024-09-23 14:58:00+05:30,54120.1,0.0
2024-09-23 14:59:00+05:30,54120.0,54120.0
2024-09-23 15:00:00+05:30,54090.1,-29.900000000001455
2024-09-23 15:01:00+05:30,54104.45,0.0
2024-09-23 15:02:00+05:30,54137.15,54137.15
2024-09-23 15:03:00+05:30,54121.3,-15.849999999998545
2024-09-23 15:04:00+05:30,54157.5,54157.5
2024-09-23 15:05:00+05:30,54178.1,0.0
2024-09-23 15:06:00+05:30,54186.0,0.0
2024-09-23 15:07:00+05:30,54179.7,0.0
2024-09-23 15:08:00+05:30,54172.55,15.05000000000291
2024-09-23 15:09:00+05:30,54140.4,0.0
2024-09-23 15:10:00+05:30,54122.15,0.0
2024-09-23 15:11:00+05:30,54092.1,0.0
2024-09-23 15:12:00+05:30,54096.0,0.0
2024-09-23 15:13:00+05:30,54069.8,54069.8
2024-09-23 15:14:00+05:30,54080.75,10.94999999999709
2024-09-23 15:15:00+05:30,54106.5,54106.5
2024-09-23 15:16:00+05:30,54076.6,-29.900000000001455
2024-09-23 15:17:00+05:30,54094.7,54094.7
2024-09-23 15:18:00+05:30,54088.2,-6.5
2024-09-23 15:19:00+05:30,54077.45,0.0
2024-09-23 15:20:00+05:30,54068.65,0.0
2024-09-23 15:21:00+05:30,54054.95,0.0
2024-09-23 15:22:00+05:30,54085.65,54085.65
2024-09-23 15:23:00+05:30,54069.8,-15.849999999998545
2024-09-23 15:24:00+05:30,54058.5,0.0
2024-09-23 15:25:00+05:30,54057.15,0.0
2024-09-23 15:26:00+05:30,54066.65,54066.65
2024-09-23 15:27:00+05:30,54063.25,-3.400000000001455
2024-09-23 15:28:00+05:30,54066.65,0.0
2024-09-23 15:29:00+05:30,54076.3,0.0
2024-09-24 09:15:00+05:30,54021.35,0.0
2024-09-24 09:16:00+05:30,54036.6,54036.6
2024-09-24 09:17:00+05:30,54077.45,0.0
2024-09-24 09:18:00+05:30,54021.8,-14.799999999995634
2024-09-24 09:19:00+05:30,54062.4,54062.4
2024-09-24 09:20:00+05:30,54059.95,-2.4500000000043656
2024-09-24 09:21:00+05:30,54032.45,0.0
2024-09-24 09:22:00+05:30,54046.25,54046.25
2024-09-24 09:23:00+05:30,54062.95,0.0
2024-09-24 09:24:00+05:30,54032.6,-13.650000000001455
2024-09-24 09:25:00+05:30,54033.5,54033.5
2024-09-24 09:26:00+05:30,54017.65,-15.849999999998545
2024-09-24 09:27:00+05:30,54006.15,0.0
2024-09-24 09:28:00+05:30,53999.25,53999.25
2024-09-24 09:29:00+05:30,54018.4,0.0
2024-09-24 09:30:00+05:30,54000.2,0.9499999999970896
2024-09-24 09:31:00+05:30,54010.65,54010.65
2024-09-24 09:32:00+05:30,54002.7,-7.950000000004366
2024-09-24 09:33:00+05:30,54011.5,54011.5
2024-09-24 09:34:00+05:30,54013.25,0.0
2024-09-24 09:35:00+05:30,54024.05,12.55000000000291
2024-09-24 09:36:00+05:30,54036.15,54036.15
2024-09-24 09:37:00+05:30,54067.65,0.0
2024-09-24 09:38:00+05:30,54084.1,0.0
2024-09-24 09:39:00+05:30,54106.15,0.0
2024-09-24 09:40:00+05:30,54094.75,58.599999999998545
2024-09-24 09:41:00+05:30,54090.25,0.0
2024-09-24 09:42:00+05:30,54080.85,54080.85
2024-09-24 09:43:00+05:30,54131.7,0.0
2024-09-24 09:44:00+05:30,54124.55,43.700000000004366
2024-09-24 09:45:00+05:30,54121.85,54121.85
2024-09-24 09:46:00+05:30,54112.0,-9.849999999998545
2024-09-24 09:47:00+05:30,54129.15,54129.15
2024-09-24 09:48:00+05:30,54114.05,-15.099999999998545
2024-09-24 09:49:00+05:30,54104.4,0.0
2024-09-24 09:50:00+05:30,54128.05,54128.05
2024-09-24 09:51:00+05:30,54125.65,-2.400000000001455
2024-09-24 09:52:00+05:30,54147.7,54147.7
2024-09-24 09:53:00+05:30,54129.3,-18.39999999999418
2024-09-24 09:54:00+05:30,54142.35,54142.35
2024-09-24 09:55:00+05:30,54152.25,0.0
2024-09-24 09:56:00+05:30,54137.3,-5.049999999995634
2024-09-24 09:57:00+05:30,54144.35,54144.35
2024-09-24 09:58:00+05:30,54151.75,0.0
2024-09-24 09:59:00+05:30,54109.65,-34.69999999999709
2024-09-24 10:00:00+05:30,54129.6,54129.6
2024-09-24 10:01:00+05:30,54147.45,0.0
2024-09-24 10:02:00+05:30,54130.0,0.4000000000014552
2024-09-24 10:03:00+05:30,54104.05,0.0
2024-09-24 10:04:00+05:30,54109.4,54109.4
2024-09-24 10:05:00+05:30,54095.65,-13.75
2024-09-24 10:06:00+05:30,54117.8,54117.8
2024-09-24 10:07:00+05:30,54119.4,1.5999999999985448
2024-09-24 10:08:00+05:30,54117.0,54117.0
2024-09-24 10:09:00+05:30,54108.15,-8.849999999998545
2024-09-24 10:10:00+05:30,54095.35,0.0
2024-09-24 10:11:00+05:30,54094.0,54094.0
2024-09-24 10:12:00+05:30,54063.9,-30.099999999998545
2024-09-24 10:13:00+05:30,54071.25,54071.25
2024-09-24 10:14:00+05:30,54069.95,-1.3000000000029104
2024-09-24 10:15:00+05:30,54087.7,54087.7
2024-09-24 10:16:00+05:30,54072.4,-15.299999999995634
2024-09-24 10:17:00+05:30,54070.1,54070.1
2024-09-24 10:18:00+05:30,54087.25,0.0
2024-09-24 10:19:00+05:30,54104.6,0.0
2024-09-24 10:20:00+05:30,54109.65,39.55000000000291
2024-09-24 10:21:00+05:30,54111.2,54111.2
2024-09-24 10:22:00+05:30,54103.5,-7.69999999999709
2024-09-24 10:23:00+05:30,54100.35,54100.35
2024-09-24 10:24:00+05:30,54087.7,-12.650000000001455
2024-09-24 10:25:00+05:30,54093.3,54093.3
2024-09-24 10:26:00+05:30,54091.8,0.0
2024-09-24 10:27:00+05:30,54075.55,-17.75
2024-09-24 10:28:00+05:30,54083.55,54083.55
2024-09-24 10:29:00+05:30,54072.65,-10.900000000001455
2024-09-24 10:30:00+05:30,54083.85,54083.85
2024-09-24 10:31:00+05:30,54089.0,0.0
2024-09-24 10:32:00+05:30,54066.85,-17.0
2024-09-24 10:33:00+05:30,54056.9,0.0
2024-09-24 10:34:00+05:30,54059.7,0.0
2024-09-24 10:35:00+05:30,54065.8,0.0
2024-09-24 10:36:00+05:30,54073.05,54073.05
2024-09-24 10:37:00+05:30,54071.95,-1.1000000000058208
2024-09-24 10:38:00+05:30,54050.55,0.0
2024-09-24 10:39:00+05:30,54046.2,0.0
2024-09-24 10:40:00+05:30,54057.95,54057.95
2024-09-24 10:41:00+05:30,54041.55,-16.39999999999418
2024-09-24 10:42:00+05:30,54017.15,54017.15
2024-09-24 10:43:00+05:30,53995.05,-22.099999999998545
2024-09-24 10:44:00+05:30,54002.65,54002.65
2024-09-24 10:45:00+05:30,54000.05,0.0
2024-09-24 10:46:00+05:30,53980.2,-22.450000000004366
2024-09-24 10:47:00+05:30,53981.9,53981.9
2024-09-24 10:48:00+05:30,53984.9,3.0
2024-09-24 10:49:00+05:30,53996.9,53996.9
2024-09-24 10:50:00+05:30,54017.8,0.0
2024-09-24 10:51:00+05:30,54018.3,21.400000000001455
2024-09-24 10:52:00+05:30,54008.1,0.0
2024-09-24 10:53:00+05:30,53996.7,0.0
2024-09-24 10:54:00+05:30,54009.75,54009.75
2024-09-24 10:55:00+05:30,54017.7,0.0
2024-09-24 10:56:00+05:30,54016.1,0.0
2024-09-24 10:57:00+05:30,54003.9,0.0
2024-09-24 10:58:00+05:30,54018.1,0.0
2024-09-24 10:59:00+05:30,54023.8,0.0
2024-09-24 11:00:00+05:30,54008.35,-1.4000000000014552
2024-09-24 11:01:00+05:30,53983.5,0.0
2024-09-24 11:02:00+05:30,53974.75,0.0
2024-09-24 11:03:00+05:30,53991.9,53991.9
2024-09-24 11:04:00+05:30,53986.0,0.0
2024-09-24 11:05:00+05:30,53977.8,-14.099999999998545
2024-09-24 11:06:00+05:30,53987.6,53987.6
2024-09-24 11:07:00+05:30,53992.65,0.0
2024-09-24 11:08:00+05:30,53999.3,0.0
2024-09-24 11:09:00+05:30,53990.45,0.0
2024-09-24 11:10:00+05:30,53988.35,0.0
2024-09-24 11:11:00+05:30,53992.75,0.0
2024-09-24 11:12:00+05:30,53978.5,-9.099999999998545
2024-09-24 11:13:00+05:30,53989.45,53989.45
2024-09-24 11:14:00+05:30,53985.55,-3.8999999999941792
2024-09-24 11:15:00+05:30,53991.8,53991.8
2024-09-24 11:16:00+05:30,53994.55,0.0
2024-09-24 11:17:00+05:30,53990.1,-1.7000000000043656
2024-09-24 11:18:00+05:30,53985.85,53985.85
2024-09-24 11:19:00+05:30,54003.9,0.0
2024-09-24 11:20:00+05:30,54010.7,0.0
2024-09-24 11:21:00+05:30,53991.05,5.200000000004366
2024-09-24 11:22:00+05:30,53980.0,0.0
2024-09-24 11:23:00+05:30,53971.85,0.0
2024-09-24 11:24:00+05:30,53967.55,0.0
2024-09-24 11:25:00+05:30,53972.5,53972.5
2024-09-24 11:26:00+05:30,53948.8,-23.69999999999709
2024-09-24 11:27:00+05:30,53965.8,53965.8
2024-09-24 11:28:00+05:30,53972.75,0.0
2024-09-24 11:29:00+05:30,53967.45,1.6499999999941792
2024-09-24 11:30:00+05:30,53980.15,53980.15
2024-09-24 11:31:00+05:30,53980.9,0.75
2024-09-24 11:32:00+05:30,53974.6,0.0
2024-09-24 11:33:00+05:30,53981.55,53981.55
2024-09-24 11:34:00+05:30,53989.1,0.0
2024-09-24 11:35:00+05:30,54000.4,0.0
2024-09-24 11:36:00+05:30,54006.3,0.0
2024-09-24 11:37:00+05:30,53979.4,-2.150000000001455
2024-09-24 11:38:00+05:30,53987.3,53987.3
2024-09-24 11:39:00+05:30,53983.3,-4.0
2024-09-24 11:40:00+05:30,53987.35,53987.35
2024-09-24 11:41:00+05:30,53979.4,-7.94999999999709
2024-09-24 11:42:00+05:30,53988.1,0.0
2024-09-24 11:43:00+05:30,53992.45,53992.45
2024-09-24 11:44:00+05:30,54002.9,0.0
2024-09-24 11:45:00+05:30,54006.45,0.0
2024-09-24 11:46:00+05:30,53994.15,1.7000000000043656
2024-09-24 11:47:00+05:30,54012.75,54012.75
2024-09-24 11:48:00+05:30,54019.95,0.0
2024-09-24 11:49:00+05:30,54020.15,7.400000000001455
2024-09-24 11:50:00+05:30,54017.6,0.0
2024-09-24 11:51:00+05:30,54009.65,0.0
2024-09-24 11:52:00+05:30,53999.45,0.0
2024-09-24 11:53:00+05:30,53997.75,0.0
2024-09-24 11:54:00+05:30,53985.5,0.0
2024-09-24 11:55:00+05:30,53976.85,0.0
2024-09-24 11:56:00+05:30,53975.35,53975.35
2024-09-24 11:57:00+05:30,53982.95,0.0
2024-09-24 11:58:00+05:30,54000.35,0.0
2024-09-24 11:59:00+05:30,53996.5,0.0
2024-09-24 12:00:00+05:30,54005.65,0.0
2024-09-24 12:01:00+05:30,54008.15,0.0
2024-09-24 12:02:00+05:30,54010.05,34.700000000004366
2024-09-24 12:03:00+05:30,54019.0,54019.0
2024-09-24 12:04:00+05:30,54012.7,-6.30000000000291
2024-09-24 12:05:00+05:30,54010.1,54010.1
2024-09-24 12:06:00+05:30,54020.15,0.0
2024-09-24 12:07:00+05:30,54023.7,0.0
2024-09-24 12:08:00+05:30,54024.2,0.0
2024-09-24 12:09:00+05:30,54032.25,0.0
2024-09-24 12:10:00+05:30,54024.85,14.75
2024-09-24 12:11:00+05:30,54029.15,54029.15
2024-09-24 12:12:00+05:30,54021.8,-7.349999999998545
2024-09-24 12:13:00+05:30,54027.6,54027.6
2024-09-24 12:14:00+05:30,54021.4,-6.19999999999709
2024-09-24 12:15:00+05:30,54029.1,54029.1
2024-09-24 12:16:00+05:30,54058.05,0.0
2024-09-24 12:17:00+05:30,54055.6,0.0
2024-09-24 12:18:00+05:30,54075.55,0.0
2024-09-24 12:19:00+05:30,54062.55,33.450000000004366
2024-09-24 12:20:00+05:30,54075.8,54075.8
2024-09-24 12:21:00+05:30,54076.85,1.0499999999956344
2024-09-24 12:22:00+05:30,54088.9,54088.9
2024-09-24 12:23:00+05:30,54095.2,0.0
2024-09-24 12:24:00+05:30,54078.45,-10.450000000004366
2024-09-24 12:25:00+05:30,54087.35,54087.35
2024-09-24 12:26:00+05:30,54066.05,-21.299999999995634
2024-09-24 12:27:00+05:30,54063.7,0.0
2024-09-24 12:28:00+05:30,54060.05,0.0
2024-09-24 12:29:00+05:30,54069.75,54069.75
2024-09-24 12:30:00+05:30,54078.85,0.0
2024-09-24 12:31:00+05:30,54069.55,-0.19999999999708962
2024-09-24 12:32:00+05:30,54073.95,54073.95
2024-09-24 12:33:00+05:30,54081.45,0.0
2024-09-24 12:34:00+05:30,54100.75,0.0
2024-09-24 12:35:00+05:30,54103.2,0.0
2024-09-24 12:36:00+05:30,54089.75,15.80000000000291
2024-09-24 12:37:00+05:30,54100.25,54100.25
2024-09-24 12:38:00+05:30,54087.65,-12.599999999998545
2024-09-24 12:39:00+05:30,54082.8,0.0
2024-09-24 12:40:00+05:30,54080.95,0.0
2024-09-24 12:41:00+05:30,54069.2,0.0
2024-09-24 12:42:00+05:30,54072.65,54072.65
2024-09-24 12:43:00+05:30,54062.5,0.0
2024-09-24 12:44:00+05:30,54057.6,0.0
2024-09-24 12:45:00+05:30,54062.35,-10.30000000000291
2024-09-24 12:46:00+05:30,54055.5,0.0
2024-09-24 12:47:00+05:30,54046.6,0.0
2024-09-24 12:48:00+05:30,54051.5,0.0
2024-09-24 12:49:00+05:30,54055.8,54055.8
2024-09-24 12:50:00+05:30,54059.85,0.0
2024-09-24 12:51:00+05:30,54064.9,9.099999999998545
2024-09-24 12:52:00+05:30,54064.95,54064.95
2024-09-24 12:53:00+05:30,54086.95,0.0
2024-09-24 12:54:00+05:30,54083.05,18.10000000000582
2024-09-24 12:55:00+05:30,54096.85,54096.85
2024-09-24 12:56:00+05:30,54091.7,-5.150000000001455
2024-09-24 12:57:00+05:30,54095.85,0.0
2024-09-24 12:58:00+05:30,54107.6,54107.6
2024-09-24 12:59:00+05:30,54102.9,0.0
2024-09-24 13:00:00+05:30,54098.25,-9.349999999998545
2024-09-24 13:01:00+05:30,54102.85,54102.85
2024-09-24 13:02:00+05:30,54108.15,0.0
2024-09-24 13:03:00+05:30,54106.5,3.650000000001455
2024-09-24 13:04:00+05:30,54114.15,54114.15
2024-09-24 13:05:00+05:30,54109.45,0.0
2024-09-24 13:06:00+05:30,54116.4,2.25
2024-09-24 13:07:00+05:30,54109.35,0.0
2024-09-24 13:08:00+05:30,54096.45,0.0
2024-09-24 13:09:00+05:30,54103.35,54103.35
2024-09-24 13:10:00+05:30,54096.55,-6.799999999995634
2024-09-24 13:11:00+05:30,54099.15,54099.15
2024-09-24 13:12:00+05:30,54102.15,0.0
2024-09-24 13:13:00+05:30,54109.25,10.099999999998545
2024-09-24 13:14:00+05:30,54105.25,54105.25
2024-09-24 13:15:00+05:30,54104.25,-1.0
2024-09-24 13:16:00+05:30,54106.05,54106.05
2024-09-24 13:17:00+05:30,54107.8,0.0
2024-09-24 13:18:00+05:30,54106.0,-0.05000000000291038
2024-09-24 13:19:00+05:30,54111.1,54111.1
2024-09-24 13:20:00+05:30,54110.95,-0.1500000000014552
2024-09-24 13:21:00+05:30,54106.95,0.0
2024-09-24 13:22:00+05:30,54085.85,0.0
2024-09-24 13:23:00+05:30,54092.8,0.0
2024-09-24 13:24:00+05:30,54102.05,0.0
2024-09-24 13:25:00+05:30,54091.55,0.0
2024-09-24 13:26:00+05:30,54096.2,0.0
2024-09-24 13:27:00+05:30,54097.2,54097.2
2024-09-24 13:28:00+05:30,54105.05,0.0
2024-09-24 13:29:00+05:30,54092.7,-4.5
2024-09-24 13:30:00+05:30,54092.1,0.0
2024-09-24 13:31:00+05:30,54068.3,0.0
2024-09-24 13:32:00+05:30,54067.75,0.0
2024-09-24 13:33:00+05:30,54067.65,0.0
2024-09-24 13:34:00+05:30,54070.1,54070.1
2024-09-24 13:35:00+05:30,54071.85,1.75
2024-09-24 13:36:00+05:30,54081.0,54081.0
2024-09-24 13:37:00+05:30,54068.6,-12.400000000001455
2024-09-24 13:38:00+05:30,54068.75,0.0
2024-09-24 13:39:00+05:30,54064.2,0.0
2024-09-24 13:40:00+05:30,54066.4,0.0
2024-09-24 13:41:00+05:30,54079.2,54079.2
2024-09-24 13:42:00+05:30,54088.7,0.0
2024-09-24 13:43:00+05:30,54091.3,12.10000000000582
2024-09-24 13:44:00+05:30,54088.05,0.0
2024-09-24 13:45:00+05:30,54091.8,54091.8
2024-09-24 13:46:00+05:30,54089.75,0.0
2024-09-24 13:47:00+05:30,54093.55,0.0
2024-09-24 13:48:00+05:30,54090.35,-1.4500000000043656
2024-09-24 13:49:00+05:30,54085.6,0.0
2024-09-24 13:50:00+05:30,54098.55,54098.55
2024-09-24 13:51:00+05:30,54108.1,0.0
2024-09-24 13:52:00+05:30,54111.25,0.0
2024-09-24 13:53:00+05:30,54119.05,0.0
2024-09-24 13:54:00+05:30,54114.25,15.69999999999709
2024-09-24 13:55:00+05:30,54116.7,0.0
2024-09-24 13:56:00+05:30,54103.85,0.0
2024-09-24 13:57:00+05:30,54099.55,0.0
2024-09-24 13:58:00+05:30,54099.7,0.0
2024-09-24 13:59:00+05:30,54105.15,54105.15
2024-09-24 14:00:00+05:30,54105.5,0.0
2024-09-24 14:01:00+05:30,54120.1,0.0
2024-09-24 14:02:00+05:30,54125.35,0.0
2024-09-24 14:03:00+05:30,54115.65,10.5
2024-09-24 14:04:00+05:30,54121.85,54121.85
2024-09-24 14:05:00+05:30,54131.25,0.0
2024-09-24 14:06:00+05:30,54135.1,0.0
2024-09-24 14:07:00+05:30,54126.65,4.80000000000291
2024-09-24 14:08:00+05:30,54136.75,54136.75
2024-09-24 14:09:00+05:30,54139.55,0.0
2024-09-24 14:10:00+05:30,54137.4,0.6500000000014552
2024-09-24 14:11:00+05:30,54123.3,0.0
2024-09-24 14:12:00+05:30,54124.7,54124.7
2024-09-24 14:13:00+05:30,54109.25,-15.44999999999709
2024-09-24 14:14:00+05:30,54108.4,0.0
2024-09-24 14:15:00+05:30,54116.7,54116.7
2024-09-24 14:16:00+05:30,54123.0,0.0
2024-09-24 14:17:00+05:30,54123.2,6.5
2024-09-24 14:18:00+05:30,54128.35,54128.35
2024-09-24 14:19:00+05:30,54115.85,-12.5
2024-09-24 14:20:00+05:30,54117.2,0.0
2024-09-24 14:21:00+05:30,54057.9,0.0
2024-09-24 14:22:00+05:30,54030.3,54030.3
2024-09-24 14:23:00+05:30,54058.2,0.0
2024-09-24 14:24:00+05:30,54064.25,33.94999999999709
2024-09-24 14:25:00+05:30,54104.2,54104.2
2024-09-24 14:26:00+05:30,54090.95,-13.25
2024-09-24 14:27:00+05:30,54086.35,0.0
2024-09-24 14:28:00+05:30,54060.7,0.0
2024-09-24 14:29:00+05:30,54076.2,54076.2
2024-09-24 14:30:00+05:30,54081.55,0.0
2024-09-24 14:31:00+05:30,54084.8,0.0
2024-09-24 14:32:00+05:30,54089.7,0.0
2024-09-24 14:33:00+05:30,54052.3,-23.89999999999418
2024-09-24 14:34:00+05:30,54042.35,0.0
2024-09-24 14:35:00+05:30,54039.45,0.0
2024-09-24 14:36:00+05:30,54051.95,0.0
2024-09-24 14:37:00+05:30,54052.75,54052.75
2024-09-24 14:38:00+05:30,54062.3,9.55000000000291
2024-09-24 14:39:00+05:30,54054.4,0.0
2024-09-24 14:40:00+05:30,54042.3,0.0
2024-09-24 14:41:00+05:30,54057.8,54057.8
2024-09-24 14:42:00+05:30,54040.0,-17.80000000000291
2024-09-24 14:43:00+05:30,54030.7,0.0
2024-09-24 14:44:00+05:30,54045.2,54045.2
2024-09-24 14:45:00+05:30,54068.45,0.0
2024-09-24 14:46:00+05:30,54047.2,2.0
2024-09-24 14:47:00+05:30,54041.75,0.0
2024-09-24 14:48:00+05:30,54048.6,54048.6
2024-09-24 14:49:00+05:30,54048.85,0.0
2024-09-24 14:50:00+05:30,54136.9,0.0
2024-09-24 14:51:00+05:30,54159.2,110.59999999999854
2024-09-24 14:52:00+05:30,54039.8,0.0
2024-09-24 14:53:00+05:30,54062.6,54062.6
2024-09-24 14:54:00+05:30,54046.7,-15.900000000001455
2024-09-24 14:55:00+05:30,54072.3,54072.3
2024-09-24 14:56:00+05:30,54059.3,-13.0
2024-09-24 14:57:00+05:30,54033.55,0.0
2024-09-24 14:58:00+05:30,54007.6,0.0
2024-09-24 14:59:00+05:30,54010.1,0.0
2024-09-24 15:00:00+05:30,53992.35,0.0
2024-09-24 15:01:00+05:30,53978.3,53978.3
2024-09-24 15:02:00+05:30,53971.25,-7.05000000000291
2024-09-24 15:03:00+05:30,53950.0,0.0
2024-09-24 15:04:00+05:30,53938.8,53938.8
2024-09-24 15:05:00+05:30,53912.0,-26.80000000000291
2024-09-24 15:06:00+05:30,53927.25,53927.25
2024-09-24 15:07:00+05:30,53937.95,10.69999999999709
2024-09-24 15:08:00+05:30,53955.55,53955.55
2024-09-24 15:09:00+05:30,53939.15,-16.400000000001455
2024-09-24 15:10:00+05:30,53981.65,53981.65
2024-09-24 15:11:00+05:30,53975.95,-5.700000000004366
2024-09-24 15:12:00+05:30,53974.25,0.0
2024-09-24 15:13:00+05:30,53971.45,0.0
2024-09-24 15:14:00+05:30,53978.6,53978.6
2024-09-24 15:15:00+05:30,53979.25,0.6500000000014552
2024-09-24 15:16:00+05:30,53992.05,53992.05
2024-09-24 15:17:00+05:30,54003.05,0.0
2024-09-24 15:18:00+05:30,54006.85,14.799999999995634
2024-09-24 15:19:00+05:30,54011.65,54011.65
2024-09-24 15:20:00+05:30,54005.95,-5.700000000004366
2024-09-24 15:21:00+05:30,54007.6,0.0
2024-09-24 15:22:00+05:30,54000.15,0.0
2024-09-24 15:23:00+05:30,53999.45,0.0
2024-09-24 15:24:00+05:30,54001.2,54001.2
2024-09-24 15:25:00+05:30,53992.6,-8.599999999998545
2024-09-24 15:26:00+05:30,53979.5,0.0
2024-09-24 15:27:00+05:30,53979.05,0.0
2024-09-24 15:28:00+05:30,53981.15,53981.15
2024-09-24 15:29:00+05:30,53971.25,-9.900000000001455
