date,close,trade_1,trade_2,trade_3
2024-09-19 12:55:00+05:30,53013.7,0,0,0
2024-09-19 12:56:00+05:30,52981.9,0,0,1
2024-09-19 12:57:00+05:30,52973.95,0,0,2
2024-09-19 12:58:00+05:30,52992.6,0,3,0
2024-09-19 12:59:00+05:30,52961.75,0,3,4
2024-09-19 13:00:00+05:30,52961.5,0,0,5
2024-09-19 13:01:00+05:30,52944.0,0,0,6
2024-09-19 13:02:00+05:30,52966.5,0,7,0
2024-09-19 13:03:00+05:30,52976.5,0,8,0
2024-09-19 13:04:00+05:30,52979.25,0,9,0
2024-09-19 13:05:00+05:30,52965.85,0,9,10
2024-09-19 13:06:00+05:30,52979.9,0,11,0
2024-09-19 13:07:00+05:30,53009.7,0,12,0
2024-09-19 13:08:00+05:30,52978.6,0,12,13
2024-09-19 13:09:00+05:30,52961.4,0,0,14
2024-09-19 13:10:00+05:30,52960.35,0,0,15
2024-09-19 13:11:00+05:30,52972.1,0,16,0
2024-09-19 13:12:00+05:30,52963.6,0,16,17
2024-09-19 13:13:00+05:30,52982.95,0,18,0
2024-09-19 13:14:00+05:30,52967.05,0,18,19
2024-09-19 13:15:00+05:30,52990.85,0,20,0
2024-09-19 13:16:00+05:30,52986.35,0,20,21
2024-09-19 13:17:00+05:30,53008.5,0,22,0
2024-09-19 13:18:00+05:30,52976.1,0,22,23
2024-09-19 13:19:00+05:30,52951.0,0,0,24
2024-09-19 13:20:00+05:30,52964.8,0,25,0
2024-09-19 13:21:00+05:30,52967.4,0,26,0
2024-09-19 13:22:00+05:30,52989.95,0,27,0
2024-09-19 13:23:00+05:30,52986.55,0,28,0
2024-09-19 13:24:00+05:30,52995.35,0,29,0
2024-09-19 13:25:00+05:30,52987.35,0,29,30
2024-09-19 13:26:00+05:30,52990.35,0,0,31
2024-09-19 13:27:00+05:30,52964.65,0,0,32
2024-09-19 13:28:00+05:30,52957.0,0,0,33
2024-09-19 13:29:00+05:30,52942.2,0,0,34
2024-09-19 13:30:00+05:30,52953.05,0,35,0
2024-09-19 13:31:00+05:30,52942.95,0,35,36
2024-09-19 13:32:00+05:30,52940.6,0,0,37
2024-09-19 13:33:00+05:30,52946.5,0,38,0
2024-09-19 13:34:00+05:30,52957.55,0,39,0
2024-09-19 13:35:00+05:30,52952.7,0,40,0
2024-09-19 13:36:00+05:30,52953.2,0,40,41
2024-09-19 13:37:00+05:30,52949.05,0,0,42
2024-09-19 13:38:00+05:30,52949.75,0,43,0
2024-09-19 13:39:00+05:30,52927.35,0,43,44
2024-09-19 13:40:00+05:30,52932.0,0,45,0
2024-09-19 13:41:00+05:30,52922.6,0,46,0
2024-09-19 13:42:00+05:30,52946.5,0,47,0
2024-09-19 13:43:00+05:30,52950.65,0,48,0
2024-09-19 13:44:00+05:30,52953.7,0,49,0
2024-09-19 13:45:00+05:30,52935.05,0,49,50
2024-09-19 13:46:00+05:30,52924.75,0,0,51
2024-09-19 13:47:00+05:30,52925.9,0,0,52
2024-09-19 13:48:00+05:30,52914.5,0,0,53
2024-09-19 13:49:00+05:30,52889.75,0,0,54
2024-09-19 13:50:00+05:30,52915.75,0,55,0
2024-09-19 13:51:00+05:30,52926.05,0,56,0
2024-09-19 13:52:00+05:30,52942.65,0,57,0
2024-09-19 13:53:00+05:30,52940.8,0,57,58
2024-09-19 13:54:00+05:30,52946.3,0,59,0
2024-09-19 13:55:00+05:30,52943.3,0,59,60
2024-09-19 13:56:00+05:30,52954.9,0,61,0
2024-09-19 13:57:00+05:30,52945.25,0,61,62
2024-09-19 13:58:00+05:30,52947.3,0,0,63
2024-09-19 13:59:00+05:30,52953.95,0,0,64
2024-09-19 14:00:00+05:30,52956.55,0,65,0
2024-09-19 14:01:00+05:30,52946.65,0,65,66
2024-09-19 14:02:00+05:30,52948.1,0,0,67
2024-09-19 14:03:00+05:30,52954.8,0,68,0
2024-09-19 14:04:00+05:30,52944.3,0,68,69
2024-09-19 14:05:00+05:30,52965.15,0,70,0
2024-09-19 14:06:00+05:30,52958.1,0,70,71
2024-09-19 14:07:00+05:30,52964.2,0,72,0
2024-09-19 14:08:00+05:30,52966.35,0,73,0
2024-09-19 14:09:00+05:30,52965.3,0,73,74
2024-09-19 14:10:00+05:30,52974.6,0,75,0
2024-09-19 14:11:00+05:30,52995.55,0,76,0
2024-09-19 14:12:00+05:30,53002.95,0,77,0
2024-09-19 14:13:00+05:30,52987.5,0,77,78
2024-09-19 14:14:00+05:30,52970.05,0,0,79
2024-09-19 14:15:00+05:30,52958.2,0,0,80
2024-09-19 14:16:00+05:30,52951.6,0,0,81
2024-09-19 14:17:00+05:30,52944.75,0,0,82
2024-09-19 14:18:00+05:30,52946.35,0,83,0
2024-09-19 14:19:00+05:30,52938.55,0,83,84
2024-09-19 14:20:00+05:30,52939.55,0,85,0
2024-09-19 14:21:00+05:30,52938.9,0,86,0
2024-09-19 14:22:00+05:30,52943.25,0,87,0
2024-09-19 14:23:00+05:30,52952.9,0,88,0
2024-09-19 14:24:00+05:30,52959.2,0,88,89
2024-09-19 14:25:00+05:30,52953.3,0,0,90
2024-09-19 14:26:00+05:30,52968.4,0,91,0
2024-09-19 14:27:00+05:30,52972.5,0,92,0
2024-09-19 14:28:00+05:30,52967.5,0,92,93
2024-09-19 14:29:00+05:30,52964.15,0,0,94
2024-09-19 14:30:00+05:30,52974.45,0,0,95
2024-09-19 14:31:00+05:30,52982.45,0,96,0
2024-09-19 14:32:00+05:30,52984.4,0,96,97
2024-09-19 14:33:00+05:30,52964.35,0,0,98
2024-09-19 14:34:00+05:30,52948.65,0,0,99
2024-09-19 14:35:00+05:30,52940.55,0,0,100
2024-09-19 14:36:00+05:30,52943.3,0,0,101
2024-09-19 14:37:00+05:30,52935.35,0,0,102
2024-09-19 14:38:00+05:30,52943.0,0,103,0
2024-09-19 14:39:00+05:30,52923.45,0,103,104
2024-09-19 14:40:00+05:30,52933.8,0,105,0
2024-09-19 14:41:00+05:30,52930.05,0,106,0
2024-09-19 14:42:00+05:30,52936.85,0,107,0
2024-09-19 14:43:00+05:30,52927.05,0,107,108
2024-09-19 14:44:00+05:30,52944.5,0,109,0
2024-09-19 14:45:00+05:30,52929.25,0,109,110
2024-09-19 14:46:00+05:30,52937.9,0,0,111
2024-09-19 14:47:00+05:30,52925.4,0,0,112
2024-09-19 14:48:00+05:30,52929.65,0,113,0
2024-09-19 14:49:00+05:30,52926.6,0,113,114
2024-09-19 14:50:00+05:30,52945.8,0,115,0
2024-09-19 14:51:00+05:30,52943.4,0,116,0
2024-09-19 14:52:00+05:30,52952.45,0,117,0
2024-09-19 14:53:00+05:30,52961.3,0,118,0
2024-09-19 14:54:00+05:30,52988.75,0,119,0
2024-09-19 14:55:00+05:30,52998.8,0,119,120
2024-09-19 14:56:00+05:30,52987.05,0,0,121
2024-09-19 14:57:00+05:30,52988.95,0,0,122
2024-09-19 14:58:00+05:30,52991.45,0,0,123
2024-09-19 14:59:00+05:30,53014.25,0,124,0
2024-09-19 15:00:00+05:30,52996.8,0,124,125
2024-09-19 15:01:00+05:30,52993.4,0,126,0
2024-09-19 15:02:00+05:30,53004.4,0,126,127
2024-09-19 15:03:00+05:30,53027.05,0,128,0
2024-09-19 15:04:00+05:30,53036.15,0,128,129
2024-09-19 15:05:00+05:30,53019.6,0,0,130
2024-09-19 15:06:00+05:30,53022.4,0,0,131
2024-09-19 15:07:00+05:30,53031.75,0,132,0
2024-09-19 15:08:00+05:30,53028.7,0,133,0
2024-09-19 15:09:00+05:30,53022.2,0,133,134
2024-09-19 15:10:00+05:30,53030.85,0,0,135
2024-09-19 15:11:00+05:30,53053.5,0,136,0
2024-09-19 15:12:00+05:30,53054.2,0,136,137
2024-09-19 15:13:00+05:30,53060.4,0,0,138
2024-09-19 15:14:00+05:30,53053.15,0,0,139
2024-09-19 15:15:00+05:30,53049.0,0,0,140
2024-09-19 15:16:00+05:30,53043.75,0,141,0
2024-09-19 15:17:00+05:30,53030.8,0,141,142
2024-09-19 15:18:00+05:30,53027.95,0,0,143
2024-09-19 15:19:00+05:30,53031.95,0,144,0
2024-09-19 15:20:00+05:30,53021.8,0,144,145
2024-09-19 15:21:00+05:30,53019.8,0,0,146
2024-09-19 15:22:00+05:30,53035.9,0,147,0
2024-09-19 15:23:00+05:30,53059.6,0,148,0
2024-09-19 15:24:00+05:30,53060.7,0,149,0
2024-09-19 15:25:00+05:30,53061.75,0,149,150
2024-09-19 15:26:00+05:30,53065.9,0,151,0
2024-09-19 15:27:00+05:30,53066.85,0,152,0
2024-09-19 15:28:00+05:30,53080.55,0,153,0
2024-09-19 15:29:00+05:30,53045.15,0,153,154
2024-09-20 09:15:00+05:30,53188.05,0,0,1
2024-09-20 09:16:00+05:30,53166.7,0,0,2
2024-09-20 09:17:00+05:30,53154.15,0,0,3
2024-09-20 09:18:00+05:30,53128.1,0,0,4
2024-09-20 09:19:00+05:30,53104.55,0,0,5
2024-09-20 09:20:00+05:30,53068.65,0,0,6
2024-09-20 09:21:00+05:30,53118.85,0,7,0
2024-09-20 09:22:00+05:30,53145.35,0,8,0
2024-09-20 09:23:00+05:30,53125.7,0,9,0
2024-09-20 09:24:00+05:30,53079.2,0,9,10
2024-09-20 09:25:00+05:30,53077.3,0,11,0
2024-09-20 09:26:00+05:30,53118.15,0,12,0
2024-09-20 09:27:00+05:30,53097.1,0,12,13
2024-09-20 09:28:00+05:30,53049.45,0,0,14
2024-09-20 09:29:00+05:30,53095.6,0,15,0
2024-09-20 09:30:00+05:30,53092.25,0,15,16
2024-09-20 09:31:00+05:30,53119.4,0,17,0
2024-09-20 09:32:00+05:30,53132.1,0,17,18
2024-09-20 09:33:00+05:30,53149.25,0,19,0
2024-09-20 09:34:00+05:30,53122.15,0,19,20
2024-09-20 09:35:00+05:30,53134.4,0,21,0
2024-09-20 09:36:00+05:30,53052.5,0,21,22
2024-09-20 09:37:00+05:30,53116.45,0,23,0
2024-09-20 09:38:00+05:30,53118.0,0,24,0
2024-09-20 09:39:00+05:30,53094.35,0,24,25
2024-09-20 09:40:00+05:30,53125.35,0,26,0
2024-09-20 09:41:00+05:30,53120.6,0,26,27
2024-09-20 09:42:00+05:30,53103.3,0,0,28
2024-09-20 09:43:00+05:30,53090.9,0,0,29
2024-09-20 09:44:00+05:30,53103.05,0,30,0
2024-09-20 09:45:00+05:30,53079.45,0,30,31
2024-09-20 09:46:00+05:30,53081.3,0,32,0
2024-09-20 09:47:00+05:30,53081.45,0,32,33
2024-09-20 09:48:00+05:30,53122.6,0,34,0
2024-09-20 09:49:00+05:30,53136.0,0,34,35
2024-09-20 09:50:00+05:30,53182.3,0,36,0
2024-09-20 09:51:00+05:30,53224.6,0,37,0
2024-09-20 09:52:00+05:30,53231.7,0,38,0
2024-09-20 09:53:00+05:30,53201.65,0,38,39
2024-09-20 09:54:00+05:30,53216.8,0,40,0
2024-09-20 09:55:00+05:30,53272.25,0,41,0
2024-09-20 09:56:00+05:30,53311.75,0,42,0
2024-09-20 09:57:00+05:30,53312.8,0,42,43
2024-09-20 09:58:00+05:30,53335.5,0,44,0
2024-09-20 09:59:00+05:30,53329.45,0,44,45
2024-09-20 10:00:00+05:30,53397.15,0,46,0
2024-09-20 10:01:00+05:30,53355.4,0,46,47
2024-09-20 10:02:00+05:30,53336.95,0,0,48
2024-09-20 10:03:00+05:30,53389.5,0,49,0
2024-09-20 10:04:00+05:30,53366.95,0,49,50
2024-09-20 10:05:00+05:30,53349.45,0,0,51
2024-09-20 10:06:00+05:30,53372.35,0,52,0
2024-09-20 10:07:00+05:30,53376.65,0,53,0
2024-09-20 10:08:00+05:30,53371.1,0,53,54
2024-09-20 10:09:00+05:30,53382.85,0,55,0
2024-09-20 10:10:00+05:30,53412.85,0,56,0
2024-09-20 10:11:00+05:30,53390.15,0,56,57
2024-09-20 10:12:00+05:30,53376.4,0,0,58
2024-09-20 10:13:00+05:30,53363.9,0,59,0
2024-09-20 10:14:00+05:30,53348.2,0,59,60
2024-09-20 10:15:00+05:30,53325.6,0,0,61
2024-09-20 10:16:00+05:30,53337.65,0,62,0
2024-09-20 10:17:00+05:30,53369.7,0,63,0
2024-09-20 10:18:00+05:30,53342.25,0,63,64
2024-09-20 10:19:00+05:30,53310.0,0,0,65
2024-09-20 10:20:00+05:30,53316.85,0,66,0
2024-09-20 10:21:00+05:30,53332.5,0,67,0
2024-09-20 10:22:00+05:30,53324.75,0,67,68
2024-09-20 10:23:00+05:30,53310.0,0,0,69
2024-09-20 10:24:00+05:30,53315.9,0,0,70
2024-09-20 10:25:00+05:30,53328.1,0,0,71
2024-09-20 10:26:00+05:30,53348.7,0,72,0
2024-09-20 10:27:00+05:30,53350.15,0,73,0
2024-09-20 10:28:00+05:30,53365.7,0,74,0
2024-09-20 10:29:00+05:30,53368.05,0,75,0
2024-09-20 10:30:00+05:30,53376.65,0,76,0
2024-09-20 10:31:00+05:30,53387.65,0,77,0
2024-09-20 10:32:00+05:30,53399.75,0,78,0
2024-09-20 10:33:00+05:30,53396.9,0,78,79
2024-09-20 10:34:00+05:30,53418.3,0,80,0
2024-09-20 10:35:00+05:30,53423.7,0,81,0
2024-09-20 10:36:00+05:30,53482.75,0,82,0
2024-09-20 10:37:00+05:30,53482.75,0,82,83
2024-09-20 10:38:00+05:30,53496.8,0,84,0
2024-09-20 10:39:00+05:30,53502.7,0,84,85
2024-09-20 10:40:00+05:30,53521.0,0,86,0
2024-09-20 10:41:00+05:30,53501.55,0,86,87
2024-09-20 10:42:00+05:30,53486.25,0,0,88
2024-09-20 10:43:00+05:30,53510.15,0,89,0
2024-09-20 10:44:00+05:30,53520.55,0,90,0
2024-09-20 10:45:00+05:30,53516.75,0,90,91
2024-09-20 10:46:00+05:30,53500.25,0,0,92
2024-09-20 10:47:00+05:30,53513.85,0,93,0
2024-09-20 10:48:00+05:30,53524.7,0,94,0
2024-09-20 10:49:00+05:30,53530.05,0,95,0
2024-09-20 10:50:00+05:30,53526.25,0,96,0
2024-09-20 10:51:00+05:30,53528.35,0,96,97
2024-09-20 10:52:00+05:30,53525.55,0,98,0
2024-09-20 10:53:00+05:30,53524.55,0,98,99
2024-09-20 10:54:00+05:30,53532.6,0,100,0
2024-09-20 10:55:00+05:30,53544.35,0,101,0
2024-09-20 10:56:00+05:30,53525.65,0,101,102
2024-09-20 10:57:00+05:30,53525.95,0,103,0
2024-09-20 10:58:00+05:30,53532.95,0,104,0
2024-09-20 10:59:00+05:30,53501.1,0,104,105
2024-09-20 11:00:00+05:30,53484.7,0,106,0
2024-09-20 11:01:00+05:30,53469.75,0,106,107
2024-09-20 11:02:00+05:30,53451.05,0,0,108
2024-09-20 11:03:00+05:30,53466.0,0,109,0
2024-09-20 11:04:00+05:30,53474.3,0,110,0
2024-09-20 11:05:00+05:30,53442.75,0,110,111
2024-09-20 11:06:00+05:30,53452.5,0,112,0
2024-09-20 11:07:00+05:30,53470.4,0,113,0
2024-09-20 11:08:00+05:30,53478.95,0,114,0
2024-09-20 11:09:00+05:30,53466.75,0,114,115
2024-09-20 11:10:00+05:30,53479.85,0,116,0
2024-09-20 11:11:00+05:30,53508.15,0,117,0
2024-09-20 11:12:00+05:30,53526.3,0,118,0
2024-09-20 11:13:00+05:30,53536.75,0,119,0
2024-09-20 11:14:00+05:30,53535.45,0,120,0
2024-09-20 11:15:00+05:30,53535.1,0,120,121
2024-09-20 11:16:00+05:30,53516.45,0,0,122
2024-09-20 11:17:00+05:30,53506.15,0,0,123
2024-09-20 11:18:00+05:30,53527.55,0,124,0
2024-09-20 11:19:00+05:30,53516.0,0,124,125
2024-09-20 11:20:00+05:30,53508.6,0,0,126
2024-09-20 11:21:00+05:30,53504.55,0,0,127
2024-09-20 11:22:00+05:30,53497.1,0,128,0
2024-09-20 11:23:00+05:30,53496.35,0,128,129
2024-09-20 11:24:00+05:30,53484.2,0,0,130
2024-09-20 11:25:00+05:30,53499.75,0,131,0
2024-09-20 11:26:00+05:30,53488.95,0,131,132
2024-09-20 11:27:00+05:30,53501.75,0,133,0
2024-09-20 11:28:00+05:30,53489.15,0,133,134
2024-09-20 11:29:00+05:30,53491.0,0,135,0
2024-09-20 11:30:00+05:30,53513.25,0,136,0
2024-09-20 11:31:00+05:30,53522.0,0,137,0
2024-09-20 11:32:00+05:30,53525.25,0,138,0
2024-09-20 11:33:00+05:30,53512.8,0,138,139
2024-09-20 11:34:00+05:30,53495.4,0,0,140
2024-09-20 11:35:00+05:30,53489.6,0,141,0
2024-09-20 11:36:00+05:30,53480.05,0,141,142
2024-09-20 11:37:00+05:30,53470.9,0,143,0
2024-09-20 11:38:00+05:30,53453.95,0,143,144
2024-09-20 11:39:00+05:30,53465.45,0,145,0
2024-09-20 11:40:00+05:30,53492.1,0,146,0
2024-09-20 11:41:00+05:30,53499.0,0,147,0
2024-09-20 11:42:00+05:30,53498.9,0,147,148
2024-09-20 11:43:00+05:30,53489.45,0,0,149
2024-09-20 11:44:00+05:30,53485.45,0,0,150
2024-09-20 11:45:00+05:30,53467.95,0,0,151
2024-09-20 11:46:00+05:30,53489.85,0,152,0
2024-09-20 11:47:00+05:30,53508.55,0,153,0
2024-09-20 11:48:00+05:30,53523.5,0,154,0
2024-09-20 11:49:00+05:30,53512.85,0,154,155
2024-09-20 11:50:00+05:30,53525.9,0,156,0
2024-09-20 11:51:00+05:30,53513.9,0,156,157
2024-09-20 11:52:00+05:30,53491.6,0,0,158
2024-09-20 11:53:00+05:30,53482.7,0,0,159
2024-09-20 11:54:00+05:30,53507.1,0,160,0
2024-09-20 11:55:00+05:30,53507.4,0,161,0
2024-09-20 11:56:00+05:30,53492.7,0,161,162
2024-09-20 11:57:00+05:30,53492.0,0,0,163
2024-09-20 11:58:00+05:30,53504.45,0,164,0
2024-09-20 11:59:00+05:30,53500.3,0,164,165
2024-09-20 12:00:00+05:30,53504.25,0,166,0
2024-09-20 12:01:00+05:30,53528.05,0,167,0
2024-09-20 12:02:00+05:30,53513.65,0,167,168
2024-09-20 12:03:00+05:30,53516.85,0,0,169
2024-09-20 12:04:00+05:30,53552.7,0,170,0
2024-09-20 12:05:00+05:30,53543.9,0,170,171
2024-09-20 12:06:00+05:30,53576.4,0,172,0
2024-09-20 12:07:00+05:30,53584.0,0,172,173
2024-09-20 12:08:00+05:30,53615.15,0,174,0
2024-09-20 12:09:00+05:30,53600.45,0,174,175
2024-09-20 12:10:00+05:30,53625.4,0,176,0
2024-09-20 12:11:00+05:30,53600.65,0,176,177
2024-09-20 12:12:00+05:30,53587.5,0,0,178
2024-09-20 12:13:00+05:30,53590.15,0,179,0
2024-09-20 12:14:00+05:30,53598.0,0,179,180
2024-09-20 12:15:00+05:30,53601.0,0,181,0
2024-09-20 12:16:00+05:30,53595.95,0,181,182
2024-09-20 12:17:00+05:30,53602.6,0,183,0
2024-09-20 12:18:00+05:30,53596.5,0,184,0
2024-09-20 12:19:00+05:30,53584.25,0,184,185
2024-09-20 12:20:00+05:30,53596.65,0,186,0
2024-09-20 12:21:00+05:30,53598.05,0,187,0
2024-09-20 12:22:00+05:30,53626.15,0,188,0
2024-09-20 12:23:00+05:30,53610.3,0,188,189
2024-09-20 12:24:00+05:30,53584.0,0,0,190
2024-09-20 12:25:00+05:30,53597.15,0,191,0
2024-09-20 12:26:00+05:30,53557.15,0,191,192
2024-09-20 12:27:00+05:30,53557.0,0,0,193
2024-09-20 12:28:00+05:30,53580.55,0,194,0
2024-09-20 12:29:00+05:30,53578.9,0,194,195
2024-09-20 12:30:00+05:30,53558.45,0,0,196
2024-09-20 12:31:00+05:30,53562.0,0,197,0
2024-09-20 12:32:00+05:30,53562.0,0,197,198
2024-09-20 12:33:00+05:30,53576.45,0,199,0
2024-09-20 12:34:00+05:30,53578.35,0,200,0
2024-09-20 12:35:00+05:30,53590.3,0,201,0
2024-09-20 12:36:00+05:30,53599.55,0,201,202
2024-09-20 12:37:00+05:30,53594.35,0,203,0
2024-09-20 12:38:00+05:30,53581.1,0,203,204
2024-09-20 12:39:00+05:30,53568.5,0,0,205
2024-09-20 12:40:00+05:30,53576.35,0,206,0
2024-09-20 12:41:00+05:30,53573.35,0,207,0
2024-09-20 12:42:00+05:30,53590.4,0,208,0
2024-09-20 12:43:00+05:30,53597.9,0,209,0
2024-09-20 12:44:00+05:30,53598.25,0,209,210
2024-09-20 12:45:00+05:30,53593.3,0,0,211
2024-09-20 12:46:00+05:30,53649.6,0,212,0
2024-09-20 12:47:00+05:30,53677.55,0,213,0
2024-09-20 12:48:00+05:30,53677.8,0,214,0
2024-09-20 12:49:00+05:30,53703.3,0,215,0
2024-09-20 12:50:00+05:30,53669.0,0,215,216
2024-09-20 12:51:00+05:30,53670.75,0,217,0
2024-09-20 12:52:00+05:30,53678.1,0,217,218
2024-09-20 12:53:00+05:30,53691.45,0,219,0
2024-09-20 12:54:00+05:30,53676.4,0,219,220
2024-09-20 12:55:00+05:30,53666.55,0,0,221
2024-09-20 12:56:00+05:30,53645.65,0,0,222
2024-09-20 12:57:00+05:30,53649.4,0,223,0
2024-09-20 12:58:00+05:30,53656.15,0,223,224
2024-09-20 12:59:00+05:30,53653.4,0,0,225
2024-09-20 13:00:00+05:30,53675.35,0,226,0
2024-09-20 13:01:00+05:30,53641.25,0,226,227
2024-09-20 13:02:00+05:30,53643.0,0,228,0
2024-09-20 13:03:00+05:30,53659.2,0,229,0
2024-09-20 13:04:00+05:30,53623.8,0,229,230
2024-09-20 13:05:00+05:30,53598.2,0,0,231
2024-09-20 13:06:00+05:30,53625.85,0,232,0
2024-09-20 13:07:00+05:30,53646.25,0,233,0
2024-09-20 13:08:00+05:30,53641.25,0,234,0
2024-09-20 13:09:00+05:30,53638.05,0,234,235
2024-09-20 13:10:00+05:30,53650.45,0,236,0
2024-09-20 13:11:00+05:30,53638.55,0,236,237
2024-09-20 13:12:00+05:30,53654.1,0,238,0
2024-09-20 13:13:00+05:30,53650.15,0,238,239
2024-09-20 13:14:00+05:30,53649.1,0,240,0
2024-09-20 13:15:00+05:30,53645.05,0,240,241
2024-09-20 13:16:00+05:30,53646.75,0,0,242
2024-09-20 13:17:00+05:30,53643.9,0,0,243
2024-09-20 13:18:00+05:30,53649.1,0,244,0
2024-09-20 13:19:00+05:30,53654.15,0,245,0
2024-09-20 13:20:00+05:30,53648.85,0,245,246
2024-09-20 13:21:00+05:30,53622.05,0,0,247
2024-09-20 13:22:00+05:30,53676.6,0,248,0
2024-09-20 13:23:00+05:30,53640.55,0,248,249
2024-09-20 13:24:00+05:30,53646.6,0,250,0
2024-09-20 13:25:00+05:30,53646.6,0,251,0
2024-09-20 13:26:00+05:30,53659.3,0,252,0
2024-09-20 13:27:00+05:30,53638.1,0,252,253
2024-09-20 13:28:00+05:30,53627.55,0,0,254
2024-09-20 13:29:00+05:30,53617.4,0,0,255
2024-09-20 13:30:00+05:30,53483.1,0,0,256
2024-09-20 13:31:00+05:30,53424.3,0,0,257
2024-09-20 13:32:00+05:30,53471.4,0,258,0
2024-09-20 13:33:00+05:30,53433.3,0,258,259
2024-09-20 13:34:00+05:30,53342.7,0,0,260
2024-09-20 13:35:00+05:30,53307.0,0,0,261
2024-09-20 13:36:00+05:30,53213.6,0,0,262
2024-09-20 13:37:00+05:30,53121.9,0,0,263
2024-09-20 13:38:00+05:30,53214.4,0,264,0
2024-09-20 13:39:00+05:30,53256.3,0,265,0
2024-09-20 13:40:00+05:30,53276.1,0,266,0
2024-09-20 13:41:00+05:30,53369.45,0,267,0
2024-09-20 13:42:00+05:30,53272.6,0,267,268
2024-09-20 13:43:00+05:30,53225.85,0,0,269
2024-09-20 13:44:00+05:30,53235.15,0,0,270
2024-09-20 13:45:00+05:30,53271.15,0,271,0
2024-09-20 13:46:00+05:30,53259.6,0,271,272
2024-09-20 13:47:00+05:30,53255.95,0,0,273
2024-09-20 13:48:00+05:30,53271.7,0,274,0
2024-09-20 13:49:00+05:30,53430.75,0,275,0
2024-09-20 13:50:00+05:30,53362.15,0,275,276
2024-09-20 13:51:00+05:30,53416.0,0,277,0
2024-09-20 13:52:00+05:30,53443.8,0,278,0
2024-09-20 13:53:00+05:30,53443.25,0,279,0
2024-09-20 13:54:00+05:30,53485.9,0,280,0
2024-09-20 13:55:00+05:30,53509.45,0,281,0
2024-09-20 13:56:00+05:30,53441.05,0,281,282
2024-09-20 13:57:00+05:30,53444.85,0,0,283
2024-09-20 13:58:00+05:30,53385.1,0,0,284
2024-09-20 13:59:00+05:30,53403.0,0,285,0
2024-09-20 14:00:00+05:30,53334.35,0,285,286
2024-09-20 14:01:00+05:30,53390.65,0,287,0
2024-09-20 14:02:00+05:30,53460.55,0,288,0
2024-09-20 14:03:00+05:30,53400.05,0,288,289
2024-09-20 14:04:00+05:30,53399.4,0,290,0
2024-09-20 14:05:00+05:30,53386.0,0,290,291
2024-09-20 14:06:00+05:30,53371.85,0,0,292
2024-09-20 14:07:00+05:30,53366.9,0,0,293
2024-09-20 14:08:00+05:30,53375.4,0,294,0
2024-09-20 14:09:00+05:30,53416.1,0,295,0
2024-09-20 14:10:00+05:30,53376.2,0,295,296
2024-09-20 14:11:00+05:30,53387.65,0,297,0
2024-09-20 14:12:00+05:30,53399.05,0,298,0
2024-09-20 14:13:00+05:30,53420.65,0,299,0
2024-09-20 14:14:00+05:30,53410.2,0,299,300
2024-09-20 14:15:00+05:30,53440.05,0,301,0
2024-09-20 14:16:00+05:30,53489.45,0,302,0
2024-09-20 14:17:00+05:30,53471.9,0,302,303
2024-09-20 14:18:00+05:30,53444.95,0,0,304
2024-09-20 14:19:00+05:30,53447.75,0,305,0
2024-09-20 14:20:00+05:30,53466.4,0,306,0
2024-09-20 14:21:00+05:30,53477.7,0,306,307
2024-09-20 14:22:00+05:30,53446.6,0,0,308
2024-09-20 14:23:00+05:30,53438.85,0,0,309
2024-09-20 14:24:00+05:30,53267.45,0,0,310
2024-09-20 14:25:00+05:30,53441.2,0,311,0
2024-09-20 14:26:00+05:30,53402.35,0,311,312
2024-09-20 14:27:00+05:30,53371.75,0,0,313
2024-09-20 14:28:00+05:30,53337.25,0,0,314
2024-09-20 14:29:00+05:30,53341.1,0,0,315
2024-09-20 14:30:00+05:30,53344.7,0,0,316
2024-09-20 14:31:00+05:30,53384.1,0,317,0
2024-09-20 14:32:00+05:30,53394.35,0,318,0
2024-09-20 14:33:00+05:30,53391.45,0,318,319
2024-09-20 14:34:00+05:30,53388.05,0,320,0
2024-09-20 14:35:00+05:30,53403.05,0,321,0
2024-09-20 14:36:00+05:30,53408.35,0,321,322
2024-09-20 14:37:00+05:30,53384.4,0,0,323
2024-09-20 14:38:00+05:30,53412.9,0,324,0
2024-09-20 14:39:00+05:30,53392.4,0,324,325
2024-09-20 14:40:00+05:30,53376.45,0,0,326
2024-09-20 14:41:00+05:30,53358.1,0,0,327
2024-09-20 14:42:00+05:30,53378.95,0,328,0
2024-09-20 14:43:00+05:30,53367.45,0,328,329
2024-09-20 14:44:00+05:30,53310.15,0,0,330
2024-09-20 14:45:00+05:30,53340.25,0,331,0
2024-09-20 14:46:00+05:30,53362.65,0,332,0
2024-09-20 14:47:00+05:30,53391.25,0,333,0
2024-09-20 14:48:00+05:30,53405.8,0,334,0
2024-09-20 14:49:00+05:30,53433.9,0,335,0
2024-09-20 14:50:00+05:30,53476.4,0,336,0
2024-09-20 14:51:00+05:30,53511.45,0,337,0
2024-09-20 14:52:00+05:30,53527.8,0,338,0
2024-09-20 14:53:00+05:30,53498.5,0,338,339
2024-09-20 14:54:00+05:30,53503.85,0,340,0
2024-09-20 14:55:00+05:30,53475.4,0,340,341
2024-09-20 14:56:00+05:30,53425.25,0,0,342
2024-09-20 14:57:00+05:30,53455.05,0,343,0
2024-09-20 14:58:00+05:30,53402.75,0,343,344
2024-09-20 14:59:00+05:30,53376.75,0,0,345
2024-09-20 15:00:00+05:30,53480.65,0,346,0
2024-09-20 15:01:00+05:30,53565.75,0,347,0
2024-09-20 15:02:00+05:30,53573.4,0,348,0
2024-09-20 15:03:00+05:30,53592.0,0,349,0
2024-09-20 15:04:00+05:30,53624.85,0,350,0
2024-09-20 15:05:00+05:30,53642.25,0,351,0
2024-09-20 15:06:00+05:30,53693.05,0,352,0
2024-09-20 15:07:00+05:30,53747.05,0,353,0
2024-09-20 15:08:00+05:30,53754.1,0,353,354
2024-09-20 15:09:00+05:30,53781.05,0,355,0
2024-09-20 15:10:00+05:30,53795.65,0,355,356
2024-09-20 15:11:00+05:30,53763.15,0,0,357
2024-09-20 15:12:00+05:30,53798.25,0,358,0
2024-09-20 15:13:00+05:30,53806.95,0,359,0
2024-09-20 15:14:00+05:30,53826.8,0,360,0
2024-09-20 15:15:00+05:30,53842.5,0,361,0
2024-09-20 15:16:00+05:30,53837.55,0,362,0
2024-09-20 15:17:00+05:30,53823.35,0,362,363
2024-09-20 15:18:00+05:30,53840.7,0,364,0
2024-09-20 15:19:00+05:30,53818.5,0,364,365
2024-09-20 15:20:00+05:30,53834.5,0,366,0
2024-09-20 15:21:00+05:30,53809.5,0,366,367
2024-09-20 15:22:00+05:30,53813.2,0,368,0
2024-09-20 15:23:00+05:30,53933.2,0,369,0
2024-09-20 15:24:00+05:30,54002.05,0,370,0
2024-09-20 15:25:00+05:30,53932.5,0,370,371
2024-09-20 15:26:00+05:30,53920.85,0,372,0
2024-09-20 15:27:00+05:30,53912.7,0,373,0
2024-09-20 15:28:00+05:30,53962.25,0,373,374
2024-09-20 15:29:00+05:30,53937.15,0,0,375
2024-09-23 09:15:00+05:30,53780.75,0,0,1
2024-09-23 09:16:00+05:30,53851.85,0,2,0
2024-09-23 09:17:00+05:30,53831.3,0,2,3
2024-09-23 09:18:00+05:30,53834.95,0,0,4
2024-09-23 09:19:00+05:30,53831.5,0,5,0
2024-09-23 09:20:00+05:30,53861.85,0,6,0
2024-09-23 09:21:00+05:30,53841.65,0,6,7
2024-09-23 09:22:00+05:30,53836.2,0,8,0
2024-09-23 09:23:00+05:30,53851.6,0,9,0
2024-09-23 09:24:00+05:30,53816.75,0,9,10
2024-09-23 09:25:00+05:30,53819.75,0,11,0
2024-09-23 09:26:00+05:30,53857.9,0,12,0
2024-09-23 09:27:00+05:30,53865.2,0,13,0
2024-09-23 09:28:00+05:30,53828.9,0,13,14
2024-09-23 09:29:00+05:30,53845.6,0,0,15
2024-09-23 09:30:00+05:30,53877.15,0,16,0
2024-09-23 09:31:00+05:30,53948.95,0,17,0
2024-09-23 09:32:00+05:30,53949.1,0,18,0
2024-09-23 09:33:00+05:30,53931.95,0,18,19
2024-09-23 09:34:00+05:30,53928.05,0,0,20
2024-09-23 09:35:00+05:30,53871.2,0,0,21
2024-09-23 09:36:00+05:30,53859.05,0,0,22
2024-09-23 09:37:00+05:30,53857.15,0,23,0
2024-09-23 09:38:00+05:30,53904.25,0,24,0
2024-09-23 09:39:00+05:30,53885.1,0,24,25
2024-09-23 09:40:00+05:30,53855.8,0,0,26
2024-09-23 09:41:00+05:30,53844.25,0,0,27
2024-09-23 09:42:00+05:30,53854.1,0,28,0
2024-09-23 09:43:00+05:30,53871.3,0,29,0
2024-09-23 09:44:00+05:30,53858.25,0,29,30
2024-09-23 09:45:00+05:30,53866.3,0,31,0
2024-09-23 09:46:00+05:30,53870.45,0,31,32
2024-09-23 09:47:00+05:30,53868.1,0,0,33
2024-09-23 09:48:00+05:30,53870.2,0,34,0
2024-09-23 09:49:00+05:30,53844.0,0,34,35
2024-09-23 09:50:00+05:30,53853.95,0,36,0
2024-09-23 09:51:00+05:30,53880.8,0,37,0
2024-09-23 09:52:00+05:30,53884.6,0,37,38
2024-09-23 09:53:00+05:30,53870.85,0,0,39
2024-09-23 09:54:00+05:30,53886.4,0,40,0
2024-09-23 09:55:00+05:30,53880.55,0,40,41
2024-09-23 09:56:00+05:30,53878.2,0,0,42
2024-09-23 09:57:00+05:30,53895.45,0,43,0
2024-09-23 09:58:00+05:30,53896.85,0,44,0
2024-09-23 09:59:00+05:30,53865.95,0,44,45
2024-09-23 10:00:00+05:30,53889.9,0,46,0
2024-09-23 10:01:00+05:30,53892.4,0,46,47
2024-09-23 10:02:00+05:30,53876.15,0,0,48
2024-09-23 10:03:00+05:30,53868.8,0,0,49
2024-09-23 10:04:00+05:30,53875.75,0,50,0
2024-09-23 10:05:00+05:30,53884.3,0,51,0
2024-09-23 10:06:00+05:30,53896.4,0,52,0
2024-09-23 10:07:00+05:30,53894.25,0,53,0
2024-09-23 10:08:00+05:30,53907.4,0,54,0
2024-09-23 10:09:00+05:30,53937.3,0,55,0
2024-09-23 10:10:00+05:30,53913.3,0,55,56
2024-09-23 10:11:00+05:30,53929.55,0,57,0
2024-09-23 10:12:00+05:30,53971.85,0,58,0
2024-09-23 10:13:00+05:30,53945.05,0,58,59
2024-09-23 10:14:00+05:30,53934.35,0,60,0
2024-09-23 10:15:00+05:30,53938.45,0,60,61
2024-09-23 10:16:00+05:30,53913.0,0,0,62
2024-09-23 10:17:00+05:30,53918.9,0,63,0
2024-09-23 10:18:00+05:30,53919.6,0,63,64
2024-09-23 10:19:00+05:30,53926.75,0,65,0
2024-09-23 10:20:00+05:30,53919.15,0,66,0
2024-09-23 10:21:00+05:30,53894.1,0,66,67
2024-09-23 10:22:00+05:30,53906.9,0,68,0
2024-09-23 10:23:00+05:30,53939.35,0,69,0
2024-09-23 10:24:00+05:30,53928.6,0,69,70
2024-09-23 10:25:00+05:30,53930.8,0,71,0
2024-09-23 10:26:00+05:30,53930.2,0,71,72
2024-09-23 10:27:00+05:30,53920.95,0,0,73
2024-09-23 10:28:00+05:30,53941.7,0,74,0
2024-09-23 10:29:00+05:30,53954.55,0,75,0
2024-09-23 10:30:00+05:30,53955.1,0,76,0
2024-09-23 10:31:00+05:30,53949.35,0,76,77
2024-09-23 10:32:00+05:30,53945.5,0,78,0
2024-09-23 10:33:00+05:30,53932.05,0,78,79
2024-09-23 10:34:00+05:30,53945.0,0,80,0
2024-09-23 10:35:00+05:30,53939.3,0,80,81
2024-09-23 10:36:00+05:30,53926.5,0,0,82
2024-09-23 10:37:00+05:30,53931.75,0,83,0
2024-09-23 10:38:00+05:30,53918.55,0,83,84
2024-09-23 10:39:00+05:30,53901.5,0,0,85
2024-09-23 10:40:00+05:30,53898.85,0,0,86
2024-09-23 10:41:00+05:30,53901.6,0,0,87
2024-09-23 10:42:00+05:30,53878.7,0,0,88
2024-09-23 10:43:00+05:30,53900.6,0,89,0
2024-09-23 10:44:00+05:30,53915.35,0,90,0
2024-09-23 10:45:00+05:30,53909.6,0,90,91
2024-09-23 10:46:00+05:30,53913.85,0,92,0
2024-09-23 10:47:00+05:30,53925.9,0,93,0
2024-09-23 10:48:00+05:30,53921.05,0,94,0
2024-09-23 10:49:00+05:30,53906.1,0,94,95
2024-09-23 10:50:00+05:30,53915.5,0,96,0
2024-09-23 10:51:00+05:30,53941.1,0,97,0
2024-09-23 10:52:00+05:30,53934.5,0,98,0
2024-09-23 10:53:00+05:30,53945.1,0,99,0
2024-09-23 10:54:00+05:30,53948.9,0,100,0
2024-09-23 10:55:00+05:30,53946.7,0,100,101
2024-09-23 10:56:00+05:30,53931.9,0,102,0
2024-09-23 10:57:00+05:30,53935.55,0,102,103
2024-09-23 10:58:00+05:30,53930.25,0,0,104
2024-09-23 10:59:00+05:30,53948.6,0,105,0
2024-09-23 11:00:00+05:30,53957.05,0,106,0
2024-09-23 11:01:00+05:30,53952.95,0,107,0
2024-09-23 11:02:00+05:30,53952.7,0,107,108
2024-09-23 11:03:00+05:30,53954.5,0,109,0
2024-09-23 11:04:00+05:30,53943.65,0,109,110
2024-09-23 11:05:00+05:30,53950.25,0,111,0
2024-09-23 11:06:00+05:30,53950.5,0,112,0
2024-09-23 11:07:00+05:30,53947.35,0,112,113
2024-09-23 11:08:00+05:30,53952.0,0,114,0
2024-09-23 11:09:00+05:30,53967.2,0,115,0
2024-09-23 11:10:00+05:30,53968.25,0,116,0
2024-09-23 11:11:00+05:30,53946.05,0,116,117
2024-09-23 11:12:00+05:30,53954.2,0,118,0
2024-09-23 11:13:00+05:30,53970.15,0,118,119
2024-09-23 11:14:00+05:30,53966.5,0,0,120
2024-09-23 11:15:00+05:30,53968.9,0,0,121
2024-09-23 11:16:00+05:30,53974.95,0,0,122
2024-09-23 11:17:00+05:30,53972.65,0,0,123
2024-09-23 11:18:00+05:30,53984.4,0,124,0
2024-09-23 11:19:00+05:30,53982.35,0,125,0
2024-09-23 11:20:00+05:30,53983.9,0,125,126
2024-09-23 11:21:00+05:30,53959.55,0,0,127
2024-09-23 11:22:00+05:30,53950.4,0,0,128
2024-09-23 11:23:00+05:30,53957.75,0,129,0
2024-09-23 11:24:00+05:30,53972.75,0,130,0
2024-09-23 11:25:00+05:30,53957.4,0,130,131
2024-09-23 11:26:00+05:30,53961.05,0,132,0
2024-09-23 11:27:00+05:30,53965.65,0,133,0
2024-09-23 11:28:00+05:30,53956.0,0,133,134
2024-09-23 11:29:00+05:30,53950.15,0,0,135
2024-09-23 11:30:00+05:30,53948.2,0,0,136
2024-09-23 11:31:00+05:30,53942.9,0,137,0
2024-09-23 11:32:00+05:30,53968.0,0,138,0
2024-09-23 11:33:00+05:30,53967.9,0,139,0
2024-09-23 11:34:00+05:30,53963.2,0,140,0
2024-09-23 11:35:00+05:30,53970.8,0,141,0
2024-09-23 11:36:00+05:30,53960.05,0,141,142
2024-09-23 11:37:00+05:30,53938.8,0,0,143
2024-09-23 11:38:00+05:30,53956.1,0,144,0
2024-09-23 11:39:00+05:30,53979.95,0,145,0
2024-09-23 11:40:00+05:30,53979.7,0,146,0
2024-09-23 11:41:00+05:30,53962.7,0,146,147
2024-09-23 11:42:00+05:30,53972.9,0,148,0
2024-09-23 11:43:00+05:30,53972.3,0,149,0
2024-09-23 11:44:00+05:30,53963.15,0,149,150
2024-09-23 11:45:00+05:30,53957.65,0,0,151
2024-09-23 11:46:00+05:30,53947.0,0,0,152
2024-09-23 11:47:00+05:30,53939.4,0,0,153
2024-09-23 11:48:00+05:30,53906.1,0,0,154
2024-09-23 11:49:00+05:30,53891.8,0,0,155
2024-09-23 11:50:00+05:30,53895.95,0,0,156
2024-09-23 11:51:00+05:30,53913.7,0,157,0
2024-09-23 11:52:00+05:30,53922.5,0,158,0
2024-09-23 11:53:00+05:30,53916.5,0,158,159
2024-09-23 11:54:00+05:30,53915.65,0,0,160
2024-09-23 11:55:00+05:30,53913.5,0,0,161
2024-09-23 11:56:00+05:30,53934.55,0,162,0
2024-09-23 11:57:00+05:30,53936.25,0,163,0
2024-09-23 11:58:00+05:30,53924.55,0,163,164
2024-09-23 11:59:00+05:30,53939.65,0,165,0
2024-09-23 12:00:00+05:30,53937.2,0,166,0
2024-09-23 12:01:00+05:30,53926.55,0,166,167
2024-09-23 12:02:00+05:30,53943.1,0,168,0
2024-09-23 12:03:00+05:30,53945.4,0,169,0
2024-09-23 12:04:00+05:30,53950.95,0,170,0
2024-09-23 12:05:00+05:30,53957.5,0,171,0
2024-09-23 12:06:00+05:30,53972.05,0,172,0
2024-09-23 12:07:00+05:30,53987.1,0,173,0
2024-09-23 12:08:00+05:30,53966.15,0,173,174
2024-09-23 12:09:00+05:30,53966.3,0,175,0
2024-09-23 12:10:00+05:30,53971.1,0,176,0
2024-09-23 12:11:00+05:30,53968.9,0,177,0
2024-09-23 12:12:00+05:30,53964.25,0,178,0
2024-09-23 12:13:00+05:30,53962.75,0,179,0
2024-09-23 12:14:00+05:30,53954.45,0,179,180
2024-09-23 12:15:00+05:30,53954.85,0,181,0
2024-09-23 12:16:00+05:30,53960.95,0,182,0
2024-09-23 12:17:00+05:30,53962.9,0,182,183
2024-09-23 12:18:00+05:30,53977.4,0,184,0
2024-09-23 12:19:00+05:30,53966.65,0,184,185
2024-09-23 12:20:00+05:30,53966.95,0,186,0
2024-09-23 12:21:00+05:30,53955.7,0,186,187
2024-09-23 12:22:00+05:30,53954.95,0,188,0
2024-09-23 12:23:00+05:30,53946.3,0,188,189
2024-09-23 12:24:00+05:30,53951.15,0,190,0
2024-09-23 12:25:00+05:30,53945.35,0,191,0
2024-09-23 12:26:00+05:30,53947.9,0,192,0
2024-09-23 12:27:00+05:30,53944.35,0,192,193
2024-09-23 12:28:00+05:30,53939.7,0,0,194
2024-09-23 12:29:00+05:30,53945.45,0,0,195
2024-09-23 12:30:00+05:30,53962.1,0,196,0
2024-09-23 12:31:00+05:30,53961.5,0,196,197
2024-09-23 12:32:00+05:30,53950.65,0,0,198
2024-09-23 12:33:00+05:30,53945.95,0,0,199
2024-09-23 12:34:00+05:30,53958.0,0,200,0
2024-09-23 12:35:00+05:30,53959.45,0,201,0
2024-09-23 12:36:00+05:30,53961.55,0,202,0
2024-09-23 12:37:00+05:30,53960.9,0,202,203
2024-09-23 12:38:00+05:30,53970.65,0,204,0
2024-09-23 12:39:00+05:30,53954.7,0,204,205
2024-09-23 12:40:00+05:30,53972.65,0,206,0
2024-09-23 12:41:00+05:30,53969.85,0,207,0
2024-09-23 12:42:00+05:30,53976.8,0,208,0
2024-09-23 12:43:00+05:30,53981.6,0,209,0
2024-09-23 12:44:00+05:30,53976.5,0,210,0
2024-09-23 12:45:00+05:30,53961.9,0,210,211
2024-09-23 12:46:00+05:30,53959.25,0,0,212
2024-09-23 12:47:00+05:30,53956.0,0,213,0
2024-09-23 12:48:00+05:30,53946.5,0,213,214
2024-09-23 12:49:00+05:30,53952.05,0,0,215
2024-09-23 12:50:00+05:30,53962.4,0,216,0
2024-09-23 12:51:00+05:30,53960.5,0,216,217
2024-09-23 12:52:00+05:30,53969.45,0,218,0
2024-09-23 12:53:00+05:30,53960.2,0,218,219
2024-09-23 12:54:00+05:30,53954.9,0,0,220
2024-09-23 12:55:00+05:30,53966.35,0,221,0
2024-09-23 12:56:00+05:30,53960.05,0,221,222
2024-09-23 12:57:00+05:30,53953.0,0,0,223
2024-09-23 12:58:00+05:30,53960.55,0,224,0
2024-09-23 12:59:00+05:30,53966.3,0,225,0
2024-09-23 13:00:00+05:30,53969.15,0,225,226
2024-09-23 13:01:00+05:30,53981.35,0,227,0
2024-09-23 13:02:00+05:30,53986.5,0,228,0
2024-09-23 13:03:00+05:30,54005.25,0,229,0
2024-09-23 13:04:00+05:30,53995.05,0,229,230
2024-09-23 13:05:00+05:30,53999.6,0,231,0
2024-09-23 13:06:00+05:30,54025.35,0,232,0
2024-09-23 13:07:00+05:30,54008.8,0,232,233
2024-09-23 13:08:00+05:30,54028.65,0,234,0
2024-09-23 13:09:00+05:30,54034.3,0,235,0
2024-09-23 13:10:00+05:30,54033.05,0,235,236
2024-09-23 13:11:00+05:30,54034.55,0,237,0
2024-09-23 13:12:00+05:30,54034.3,0,237,238
2024-09-23 13:13:00+05:30,54038.25,0,239,0
2024-09-23 13:14:00+05:30,54024.9,0,240,0
2024-09-23 13:15:00+05:30,54020.4,0,240,241
2024-09-23 13:16:00+05:30,54019.15,0,242,0
2024-09-23 13:17:00+05:30,54021.0,0,242,243
2024-09-23 13:18:00+05:30,54036.1,0,244,0
2024-09-23 13:19:00+05:30,54037.6,0,245,0
2024-09-23 13:20:00+05:30,54029.7,0,245,246
2024-09-23 13:21:00+05:30,54038.25,0,247,0
2024-09-23 13:22:00+05:30,54043.4,0,248,0
2024-09-23 13:23:00+05:30,54045.95,0,249,0
2024-09-23 13:24:00+05:30,54052.95,0,250,0
2024-09-23 13:25:00+05:30,54050.3,0,251,0
2024-09-23 13:26:00+05:30,54036.1,0,251,252
2024-09-23 13:27:00+05:30,54036.1,0,253,0
2024-09-23 13:28:00+05:30,54038.45,0,254,0
2024-09-23 13:29:00+05:30,54038.55,0,254,255
2024-09-23 13:30:00+05:30,54061.75,0,256,0
2024-09-23 13:31:00+05:30,54061.5,0,257,0
2024-09-23 13:32:00+05:30,54071.45,0,258,0
2024-09-23 13:33:00+05:30,54064.2,0,258,259
2024-09-23 13:34:00+05:30,54068.6,0,260,0
2024-09-23 13:35:00+05:30,54072.15,0,260,261
2024-09-23 13:36:00+05:30,54086.35,0,262,0
2024-09-23 13:37:00+05:30,54066.6,0,262,263
2024-09-23 13:38:00+05:30,54065.75,0,264,0
2024-09-23 13:39:00+05:30,54046.8,0,264,265
2024-09-23 13:40:00+05:30,54046.9,0,266,0
2024-09-23 13:41:00+05:30,54059.2,0,267,0
2024-09-23 13:42:00+05:30,54057.7,0,267,268
2024-09-23 13:43:00+05:30,54048.55,0,0,269
2024-09-23 13:44:00+05:30,54060.75,0,270,0
2024-09-23 13:45:00+05:30,54062.25,0,271,0
2024-09-23 13:46:00+05:30,54051.5,0,271,272
2024-09-23 13:47:00+05:30,54043.1,0,0,273
2024-09-23 13:48:00+05:30,54041.1,0,274,0
2024-09-23 13:49:00+05:30,54044.3,0,275,0
2024-09-23 13:50:00+05:30,54036.6,0,275,276
2024-09-23 13:51:00+05:30,54033.6,0,0,277
2024-09-23 13:52:00+05:30,54044.65,0,278,0
2024-09-23 13:53:00+05:30,54060.05,0,279,0
2024-09-23 13:54:00+05:30,54059.5,0,280,0
2024-09-23 13:55:00+05:30,54045.9,0,280,281
2024-09-23 13:56:00+05:30,54042.9,0,0,282
2024-09-23 13:57:00+05:30,54052.55,0,283,0
2024-09-23 13:58:00+05:30,54056.85,0,284,0
2024-09-23 13:59:00+05:30,54050.25,0,284,285
2024-09-23 14:00:00+05:30,54080.65,0,286,0
2024-09-23 14:01:00+05:30,54084.6,0,287,0
2024-09-23 14:02:00+05:30,54071.3,0,287,288
2024-09-23 14:03:00+05:30,54079.75,0,289,0
2024-09-23 14:04:00+05:30,54083.1,0,290,0
2024-09-23 14:05:00+05:30,54086.35,0,291,0
2024-09-23 14:06:00+05:30,54076.75,0,291,292
2024-09-23 14:07:00+05:30,54074.0,0,0,293
2024-09-23 14:08:00+05:30,54083.05,0,294,0
2024-09-23 14:09:00+05:30,54084.25,0,294,295
2024-09-23 14:10:00+05:30,54075.75,0,0,296
2024-09-23 14:11:00+05:30,54073.1,0,0,297
2024-09-23 14:12:00+05:30,54069.7,0,298,0
2024-09-23 14:13:00+05:30,54073.3,0,299,0
2024-09-23 14:14:00+05:30,54075.65,0,299,300
2024-09-23 14:15:00+05:30,54075.25,0,0,301
2024-09-23 14:16:00+05:30,54092.3,0,302,0
2024-09-23 14:17:00+05:30,54126.55,0,303,0
2024-09-23 14:18:00+05:30,54140.8,0,304,0
2024-09-23 14:19:00+05:30,54133.15,0,304,305
2024-09-23 14:20:00+05:30,54141.5,0,0,306
2024-09-23 14:21:00+05:30,54148.6,0,307,0
2024-09-23 14:22:00+05:30,54167.7,0,308,0
2024-09-23 14:23:00+05:30,54179.75,0,308,309
2024-09-23 14:24:00+05:30,54174.95,0,310,0
2024-09-23 14:25:00+05:30,54182.65,0,311,0
2024-09-23 14:26:00+05:30,54165.1,0,311,312
2024-09-23 14:27:00+05:30,54171.1,0,0,313
2024-09-23 14:28:00+05:30,54176.25,0,0,314
2024-09-23 14:29:00+05:30,54144.3,0,0,315
2024-09-23 14:30:00+05:30,54143.95,0,0,316
2024-09-23 14:31:00+05:30,54135.05,0,0,317
2024-09-23 14:32:00+05:30,54121.75,0,318,0
2024-09-23 14:33:00+05:30,54110.2,0,318,319
2024-09-23 14:34:00+05:30,54129.75,0,320,0
2024-09-23 14:35:00+05:30,54144.9,0,321,0
2024-09-23 14:36:00+05:30,54121.15,0,321,322
2024-09-23 14:37:00+05:30,54153.85,0,323,0
2024-09-23 14:38:00+05:30,54143.2,0,323,324
2024-09-23 14:39:00+05:30,54147.6,0,325,0
2024-09-23 14:40:00+05:30,54147.1,0,325,326
2024-09-23 14:41:00+05:30,54153.7,0,327,0
2024-09-23 14:42:00+05:30,54154.45,0,328,0
2024-09-23 14:43:00+05:30,54145.85,0,328,329
2024-09-23 14:44:00+05:30,54151.8,0,330,0
2024-09-23 14:45:00+05:30,54160.35,0,331,0
2024-09-23 14:46:00+05:30,54169.1,0,332,0
2024-09-23 14:47:00+05:30,54180.4,0,333,0
2024-09-23 14:48:00+05:30,54176.1,0,333,334
2024-09-23 14:49:00+05:30,54186.25,0,335,0
2024-09-23 14:50:00+05:30,54175.05,0,335,336
2024-09-23 14:51:00+05:30,54177.7,0,337,0
2024-09-23 14:52:00+05:30,54176.0,0,338,0
2024-09-23 14:53:00+05:30,54157.25,0,338,339
2024-09-23 14:54:00+05:30,54149.1,0,340,0
2024-09-23 14:55:00+05:30,54143.85,0,341,0
2024-09-23 14:56:00+05:30,54145.25,0,342,0
2024-09-23 14:57:00+05:30,54129.6,0,342,343
2024-09-23 14:58:00+05:30,54120.1,0,0,344
2024-09-23 14:59:00+05:30,54120.0,0,345,0
2024-09-23 15:00:00+05:30,54090.1,0,345,346
2024-09-23 15:01:00+05:30,54104.45,0,0,347
2024-09-23 15:02:00+05:30,54137.15,0,348,0
2024-09-23 15:03:00+05:30,54121.3,0,348,349
2024-09-23 15:04:00+05:30,54157.5,0,350,0
2024-09-23 15:05:00+05:30,54178.1,0,351,0
2024-09-23 15:06:00+05:30,54186.0,0,352,0
2024-09-23 15:07:00+05:30,54179.7,0,353,0
2024-09-23 15:08:00+05:30,54172.55,0,353,354
2024-09-23 15:09:00+05:30,54140.4,0,0,355
2024-09-23 15:10:00+05:30,54122.15,0,0,356
2024-09-23 15:11:00+05:30,54092.1,0,0,357
2024-09-23 15:12:00+05:30,54096.0,0,0,358
2024-09-23 15:13:00+05:30,54069.8,0,359,0
2024-09-23 15:14:00+05:30,54080.75,0,359,360
2024-09-23 15:15:00+05:30,54106.5,0,361,0
2024-09-23 15:16:00+05:30,54076.6,0,361,362
2024-09-23 15:17:00+05:30,54094.7,0,363,0
2024-09-23 15:18:00+05:30,54088.2,0,363,364
2024-09-23 15:19:00+05:30,54077.45,0,0,365
2024-09-23 15:20:00+05:30,54068.65,0,0,366
2024-09-23 15:21:00+05:30,54054.95,0,0,367
2024-09-23 15:22:00+05:30,54085.65,0,368,0
2024-09-23 15:23:00+05:30,54069.8,0,368,369
2024-09-23 15:24:00+05:30,54058.5,0,0,370
2024-09-23 15:25:00+05:30,54057.15,0,0,371
2024-09-23 15:26:00+05:30,54066.65,0,372,0
2024-09-23 15:27:00+05:30,54063.25,0,372,373
2024-09-23 15:28:00+05:30,54066.65,0,0,374
2024-09-23 15:29:00+05:30,54076.3,0,0,375
2024-09-24 09:15:00+05:30,54021.35,0,0,1
2024-09-24 09:16:00+05:30,54036.6,0,2,0
2024-09-24 09:17:00+05:30,54077.45,0,3,0
2024-09-24 09:18:00+05:30,54021.8,0,3,4
2024-09-24 09:19:00+05:30,54062.4,0,5,0
2024-09-24 09:20:00+05:30,54059.95,0,5,6
2024-09-24 09:21:00+05:30,54032.45,0,0,7
2024-09-24 09:22:00+05:30,54046.25,0,8,0
2024-09-24 09:23:00+05:30,54062.95,0,9,0
2024-09-24 09:24:00+05:30,54032.6,0,9,10
2024-09-24 09:25:00+05:30,54033.5,0,11,0
2024-09-24 09:26:00+05:30,54017.65,0,11,12
2024-09-24 09:27:00+05:30,54006.15,0,0,13
2024-09-24 09:28:00+05:30,53999.25,0,14,0
2024-09-24 09:29:00+05:30,54018.4,0,15,0
2024-09-24 09:30:00+05:30,54000.2,0,15,16
2024-09-24 09:31:00+05:30,54010.65,0,17,0
2024-09-24 09:32:00+05:30,54002.7,0,17,18
2024-09-24 09:33:00+05:30,54011.5,0,19,0
2024-09-24 09:34:00+05:30,54013.25,0,20,0
2024-09-24 09:35:00+05:30,54024.05,0,20,21
2024-09-24 09:36:00+05:30,54036.15,0,22,0
2024-09-24 09:37:00+05:30,54067.65,0,23,0
2024-09-24 09:38:00+05:30,54084.1,0,24,0
2024-09-24 09:39:00+05:30,54106.15,0,25,0
2024-09-24 09:40:00+05:30,54094.75,0,25,26
2024-09-24 09:41:00+05:30,54090.25,0,0,27
2024-09-24 09:42:00+05:30,54080.85,0,28,0
2024-09-24 09:43:00+05:30,54131.7,0,29,0
2024-09-24 09:44:00+05:30,54124.55,0,29,30
2024-09-24 09:45:00+05:30,54121.85,0,31,0
2024-09-24 09:46:00+05:30,54112.0,0,31,32
2024-09-24 09:47:00+05:30,54129.15,0,33,0
2024-09-24 09:48:00+05:30,54114.05,0,33,34
2024-09-24 09:49:00+05:30,54104.4,0,0,35
2024-09-24 09:50:00+05:30,54128.05,0,36,0
2024-09-24 09:51:00+05:30,54125.65,0,36,37
2024-09-24 09:52:00+05:30,54147.7,0,38,0
2024-09-24 09:53:00+05:30,54129.3,0,38,39
2024-09-24 09:54:00+05:30,54142.35,0,40,0
2024-09-24 09:55:00+05:30,54152.25,0,41,0
2024-09-24 09:56:00+05:30,54137.3,0,41,42
2024-09-24 09:57:00+05:30,54144.35,0,43,0
2024-09-24 09:58:00+05:30,54151.75,0,44,0
2024-09-24 09:59:00+05:30,54109.65,0,44,45
2024-09-24 10:00:00+05:30,54129.6,0,46,0
2024-09-24 10:01:00+05:30,54147.45,0,47,0
2024-09-24 10:02:00+05:30,54130.0,0,47,48
2024-09-24 10:03:00+05:30,54104.05,0,0,49
2024-09-24 10:04:00+05:30,54109.4,0,50,0
2024-09-24 10:05:00+05:30,54095.65,0,50,51
2024-09-24 10:06:00+05:30,54117.8,0,52,0
2024-09-24 10:07:00+05:30,54119.4,0,52,53
2024-09-24 10:08:00+05:30,54117.0,0,54,0
2024-09-24 10:09:00+05:30,54108.15,0,54,55
2024-09-24 10:10:00+05:30,54095.35,0,0,56
2024-09-24 10:11:00+05:30,54094.0,0,57,0
2024-09-24 10:12:00+05:30,54063.9,0,57,58
2024-09-24 10:13:00+05:30,54071.25,0,59,0
2024-09-24 10:14:00+05:30,54069.95,0,59,60
2024-09-24 10:15:00+05:30,54087.7,0,61,0
2024-09-24 10:16:00+05:30,54072.4,0,61,62
2024-09-24 10:17:00+05:30,54070.1,0,63,0
2024-09-24 10:18:00+05:30,54087.25,0,64,0
2024-09-24 10:19:00+05:30,54104.6,0,65,0
2024-09-24 10:20:00+05:30,54109.65,0,65,66
2024-09-24 10:21:00+05:30,54111.2,0,67,0
2024-09-24 10:22:00+05:30,54103.5,0,67,68
2024-09-24 10:23:00+05:30,54100.35,0,69,0
2024-09-24 10:24:00+05:30,54087.7,0,69,70
2024-09-24 10:25:00+05:30,54093.3,0,71,0
2024-09-24 10:26:00+05:30,54091.8,0,72,0
2024-09-24 10:27:00+05:30,54075.55,0,72,73
2024-09-24 10:28:00+05:30,54083.55,0,74,0
2024-09-24 10:29:00+05:30,54072.65,0,74,75
2024-09-24 10:30:00+05:30,54083.85,0,76,0
2024-09-24 10:31:00+05:30,54089.0,0,77,0
2024-09-24 10:32:00+05:30,54066.85,0,77,78
2024-09-24 10:33:00+05:30,54056.9,0,0,79
2024-09-24 10:34:00+05:30,54059.7,0,0,80
2024-09-24 10:35:00+05:30,54065.8,0,0,81
2024-09-24 10:36:00+05:30,54073.05,0,82,0
2024-09-24 10:37:00+05:30,54071.95,0,82,83
2024-09-24 10:38:00+05:30,54050.55,0,0,84
2024-09-24 10:39:00+05:30,54046.2,0,0,85
2024-09-24 10:40:00+05:30,54057.95,0,86,0
2024-09-24 10:41:00+05:30,54041.55,0,86,87
2024-09-24 10:42:00+05:30,54017.15,0,88,0
2024-09-24 10:43:00+05:30,53995.05,0,88,89
2024-09-24 10:44:00+05:30,54002.65,0,90,0
2024-09-24 10:45:00+05:30,54000.05,0,91,0
2024-09-24 10:46:00+05:30,53980.2,0,91,92
2024-09-24 10:47:00+05:30,53981.9,0,93,0
2024-09-24 10:48:00+05:30,53984.9,0,93,94
2024-09-24 10:49:00+05:30,53996.9,0,95,0
2024-09-24 10:50:00+05:30,54017.8,0,96,0
2024-09-24 10:51:00+05:30,54018.3,0,96,97
2024-09-24 10:52:00+05:30,54008.1,0,0,98
2024-09-24 10:53:00+05:30,53996.7,0,0,99
2024-09-24 10:54:00+05:30,54009.75,0,100,0
2024-09-24 10:55:00+05:30,54017.7,0,101,0
2024-09-24 10:56:00+05:30,54016.1,0,102,0
2024-09-24 10:57:00+05:30,54003.9,0,103,0
2024-09-24 10:58:00+05:30,54018.1,0,104,0
2024-09-24 10:59:00+05:30,54023.8,0,105,0
2024-09-24 11:00:00+05:30,54008.35,0,105,106
2024-09-24 11:01:00+05:30,53983.5,0,0,107
2024-09-24 11:02:00+05:30,53974.75,0,0,108
2024-09-24 11:03:00+05:30,53991.9,0,109,0
2024-09-24 11:04:00+05:30,53986.0,0,110,0
2024-09-24 11:05:00+05:30,53977.8,0,110,111
2024-09-24 11:06:00+05:30,53987.6,0,112,0
2024-09-24 11:07:00+05:30,53992.65,0,113,0
2024-09-24 11:08:00+05:30,53999.3,0,114,0
2024-09-24 11:09:00+05:30,53990.45,0,115,0
2024-09-24 11:10:00+05:30,53988.35,0,116,0
2024-09-24 11:11:00+05:30,53992.75,0,117,0
2024-09-24 11:12:00+05:30,53978.5,0,117,118
2024-09-24 11:13:00+05:30,53989.45,0,119,0
2024-09-24 11:14:00+05:30,53985.55,0,119,120
2024-09-24 11:15:00+05:30,53991.8,0,121,0
2024-09-24 11:16:00+05:30,53994.55,0,122,0
2024-09-24 11:17:00+05:30,53990.1,0,122,123
2024-09-24 11:18:00+05:30,53985.85,0,124,0
2024-09-24 11:19:00+05:30,54003.9,0,125,0
2024-09-24 11:20:00+05:30,54010.7,0,126,0
2024-09-24 11:21:00+05:30,53991.05,0,126,127
2024-09-24 11:22:00+05:30,53980.0,0,0,128
2024-09-24 11:23:00+05:30,53971.85,0,0,129
2024-09-24 11:24:00+05:30,53967.55,0,0,130
2024-09-24 11:25:00+05:30,53972.5,0,131,0
2024-09-24 11:26:00+05:30,53948.8,0,131,132
2024-09-24 11:27:00+05:30,53965.8,0,133,0
2024-09-24 11:28:00+05:30,53972.75,0,134,0
2024-09-24 11:29:00+05:30,53967.45,0,134,135
2024-09-24 11:30:00+05:30,53980.15,0,136,0
2024-09-24 11:31:00+05:30,53980.9,0,136,137
2024-09-24 11:32:00+05:30,53974.6,0,0,138
2024-09-24 11:33:00+05:30,53981.55,0,139,0
2024-09-24 11:34:00+05:30,53989.1,0,140,0
2024-09-24 11:35:00+05:30,54000.4,0,141,0
2024-09-24 11:36:00+05:30,54006.3,0,142,0
2024-09-24 11:37:00+05:30,53979.4,0,142,143
2024-09-24 11:38:00+05:30,53987.3,0,144,0
2024-09-24 11:39:00+05:30,53983.3,0,144,145
2024-09-24 11:40:00+05:30,53987.35,0,146,0
2024-09-24 11:41:00+05:30,53979.4,0,146,147
2024-09-24 11:42:00+05:30,53988.1,0,0,148
2024-09-24 11:43:00+05:30,53992.45,0,149,0
2024-09-24 11:44:00+05:30,54002.9,0,150,0
2024-09-24 11:45:00+05:30,54006.45,0,151,0
2024-09-24 11:46:00+05:30,53994.15,0,151,152
2024-09-24 11:47:00+05:30,54012.75,0,153,0
2024-09-24 11:48:00+05:30,54019.95,0,154,0
2024-09-24 11:49:00+05:30,54020.15,0,154,155
2024-09-24 11:50:00+05:30,54017.6,0,0,156
2024-09-24 11:51:00+05:30,54009.65,0,0,157
2024-09-24 11:52:00+05:30,53999.45,0,0,158
2024-09-24 11:53:00+05:30,53997.75,0,0,159
2024-09-24 11:54:00+05:30,53985.5,0,0,160
2024-09-24 11:55:00+05:30,53976.85,0,0,161
2024-09-24 11:56:00+05:30,53975.35,0,162,0
2024-09-24 11:57:00+05:30,53982.95,0,163,0
2024-09-24 11:58:00+05:30,54000.35,0,164,0
2024-09-24 11:59:00+05:30,53996.5,0,165,0
2024-09-24 12:00:00+05:30,54005.65,0,166,0
2024-09-24 12:01:00+05:30,54008.15,0,167,0
2024-09-24 12:02:00+05:30,54010.05,0,167,168
2024-09-24 12:03:00+05:30,54019.0,0,169,0
2024-09-24 12:04:00+05:30,54012.7,0,169,170
2024-09-24 12:05:00+05:30,54010.1,0,171,0
2024-09-24 12:06:00+05:30,54020.15,0,172,0
2024-09-24 12:07:00+05:30,54023.7,0,173,0
2024-09-24 12:08:00+05:30,54024.2,0,174,0
2024-09-24 12:09:00+05:30,54032.25,0,175,0
2024-09-24 12:10:00+05:30,54024.85,0,175,176
2024-09-24 12:11:00+05:30,54029.15,0,177,0
2024-09-24 12:12:00+05:30,54021.8,0,177,178
2024-09-24 12:13:00+05:30,54027.6,0,179,0
2024-09-24 12:14:00+05:30,54021.4,0,179,180
2024-09-24 12:15:00+05:30,54029.1,0,181,0
2024-09-24 12:16:00+05:30,54058.05,0,182,0
2024-09-24 12:17:00+05:30,54055.6,0,183,0
2024-09-24 12:18:00+05:30,54075.55,0,184,0
2024-09-24 12:19:00+05:30,54062.55,0,184,185
2024-09-24 12:20:00+05:30,54075.8,0,186,0
2024-09-24 12:21:00+05:30,54076.85,0,186,187
2024-09-24 12:22:00+05:30,54088.9,0,188,0
2024-09-24 12:23:00+05:30,54095.2,0,189,0
2024-09-24 12:24:00+05:30,54078.45,0,189,190
2024-09-24 12:25:00+05:30,54087.35,0,191,0
2024-09-24 12:26:00+05:30,54066.05,0,191,192
2024-09-24 12:27:00+05:30,54063.7,0,0,193
2024-09-24 12:28:00+05:30,54060.05,0,0,194
2024-09-24 12:29:00+05:30,54069.75,0,195,0
2024-09-24 12:30:00+05:30,54078.85,0,196,0
2024-09-24 12:31:00+05:30,54069.55,0,196,197
2024-09-24 12:32:00+05:30,54073.95,0,198,0
2024-09-24 12:33:00+05:30,54081.45,0,199,0
2024-09-24 12:34:00+05:30,54100.75,0,200,0
2024-09-24 12:35:00+05:30,54103.2,0,201,0
2024-09-24 12:36:00+05:30,54089.75,0,201,202
2024-09-24 12:37:00+05:30,54100.25,0,203,0
2024-09-24 12:38:00+05:30,54087.65,0,203,204
2024-09-24 12:39:00+05:30,54082.8,0,0,205
2024-09-24 12:40:00+05:30,54080.95,0,0,206
2024-09-24 12:41:00+05:30,54069.2,0,0,207
2024-09-24 12:42:00+05:30,54072.65,0,208,0
2024-09-24 12:43:00+05:30,54062.5,0,209,0
2024-09-24 12:44:00+05:30,54057.6,0,210,0
2024-09-24 12:45:00+05:30,54062.35,0,210,211
2024-09-24 12:46:00+05:30,54055.5,0,0,212
2024-09-24 12:47:00+05:30,54046.6,0,0,213
2024-09-24 12:48:00+05:30,54051.5,0,0,214
2024-09-24 12:49:00+05:30,54055.8,0,215,0
2024-09-24 12:50:00+05:30,54059.85,0,216,0
2024-09-24 12:51:00+05:30,54064.9,0,216,217
2024-09-24 12:52:00+05:30,54064.95,0,218,0
2024-09-24 12:53:00+05:30,54086.95,0,219,0
2024-09-24 12:54:00+05:30,54083.05,0,219,220
